time,aircraft_in_box,aircraft_below_limit,credits_remaining
2026-09-11 13:53:21,0,0,3999
2026-09-11 13:53:42,0,0,3998
2026-09-11 13:54:02,0,0,3997
2026-09-11 14:07:27,0,0,3996
2026-09-11 14:07:47,0,0,3995
2026-09-11 14:08:08,1,1,3994
2026-09-11 14:08:29,0,0,3993
2026-09-11 14:08:49,0,0,3992
2026-09-11 14:09:10,0,0,3991
2026-09-11 14:09:30,1,1,3990
2026-09-11 14:09:51,0,0,3989
2026-09-11 14:10:11,0,0,3988
2026-09-11 14:10:32,0,0,3987
2026-09-11 14:10:53,0,0,3986
2026-09-11 14:11:13,1,1,3985
2026-09-11 14:11:34,1,1,3984
2026-09-11 14:11:54,1,1,3983
2026-09-11 14:12:15,0,0,3982
2026-09-11 17:37:06,0,0,3981
2026-09-11 17:37:26,0,0,3980
2026-09-11 17:37:47,1,1,3979
2026-09-11 17:38:07,0,0,3978
2026-09-11 17:38:28,0,0,3977
2026-09-11 17:38:48,0,0,3976
2026-09-11 17:39:09,0,0,3975
2026-09-11 17:39:29,1,1,3974
2026-09-11 17:39:50,1,1,3973
2026-09-11 17:40:10,0,0,3972
2026-09-11 17:40:31,0,0,3971
2026-09-11 17:40:51,0,0,3970
2026-09-11 17:41:12,0,0,3969
2026-09-11 17:41:32,1,1,3968
2026-09-11 17:41:53,0,0,3967
2026-09-11 20:12:02,0,0,3966
2026-09-11 20:12:23,0,0,3965
2026-09-11 20:12:43,0,0,3964
2026-09-11 20:13:04,0,0,3963
2026-09-11 20:13:24,0,0,3962
2026-09-11 20:13:45,0,0,3961
2026-09-11 20:14:05,0,0,3960
2026-09-11 20:14:25,0,0,3959
2026-09-11 20:14:46,0,0,3958
2026-09-11 20:15:06,0,0,3957
2026-09-11 20:15:26,0,0,3956
2026-09-11 20:15:47,0,0,3955
2026-09-11 20:16:07,0,0,3954
2026-09-11 20:16:28,0,0,3953
2026-09-11 20:16:48,0,0,3952
2026-09-11 22:52:31,0,0,3951
2026-09-11 22:52:51,0,0,3950
2026-09-11 22:53:12,0,0,3949
2026-09-11 22:53:32,0,0,3948
2026-09-11 22:53:53,0,0,3947
2026-09-11 22:54:14,0,0,3946
2026-09-11 22:54:34,0,0,3945
2026-09-11 22:54:55,0,0,3944
2026-09-11 22:55:15,0,0,3943
2026-09-11 22:55:36,0,0,3942
2026-09-11 22:55:56,0,0,3941
2026-09-11 22:56:17,0,0,3940
2026-09-11 22:56:37,0,0,3939
2026-09-11 22:56:58,0,0,3938
2026-09-11 22:57:18,0,0,3937
2026-09-12 00:46:54,0,0,3936
2026-09-12 00:47:14,0,0,3935
2026-09-12 00:47:35,0,0,3934
2026-09-12 00:47:55,0,0,3933
2026-09-12 00:48:16,0,0,3932
2026-09-12 00:48:36,0,0,3931
2026-09-12 00:48:57,0,0,3930
2026-09-12 00:49:17,0,0,3929
2026-09-12 00:49:38,0,0,3928
2026-09-12 00:49:58,0,0,3927
2026-09-12 00:50:19,0,0,3926
2026-09-12 00:50:39,0,0,3925
2026-09-12 00:51:00,0,0,3924
2026-09-12 00:51:20,0,0,3923
2026-09-12 00:51:41,0,0,3922
2026-09-12 05:14:55,0,0,3921
2026-09-12 05:15:15,0,0,3920
2026-09-12 05:15:35,0,0,3919
2026-09-12 05:15:56,0,0,3918
2026-09-12 05:16:16,0,0,3917
2026-09-12 05:16:37,0,0,3916
2026-09-12 05:16:57,0,0,3915
2026-09-12 05:17:18,0,0,3914
2026-09-12 05:17:38,0,0,3913
2026-09-12 05:17:59,0,0,3912
2026-09-12 05:18:19,0,0,3911
2026-09-12 05:18:39,0,0,3910
2026-09-12 05:19:00,0,0,3909
2026-09-12 05:19:20,0,0,3908
2026-09-12 05:19:41,0,0,3907
2026-09-12 09:46:06,0,0,3906
2026-09-12 09:46:26,0,0,3905
2026-09-12 09:46:47,0,0,3904
2026-09-12 09:47:07,1,1,3903
2026-09-12 09:47:27,1,1,3902
2026-09-12 09:47:48,0,0,3901
2026-09-12 09:48:08,0,0,3900
2026-09-12 09:48:29,0,0,3899
2026-09-12 09:48:49,0,0,3898
2026-09-12 09:49:10,0,0,3897
2026-09-12 09:49:31,0,0,3896
2026-09-12 09:49:51,0,0,3895
2026-09-12 09:50:12,0,0,3894
2026-09-12 09:50:32,0,0,3893
2026-09-12 09:50:52,1,1,3892
2026-09-12 13:13:43,0,0,3891
2026-09-12 13:14:03,1,1,3890
2026-09-12 13:14:24,1,1,3889
2026-09-12 13:14:44,0,0,3888
2026-09-12 13:15:05,0,0,3887
2026-09-12 13:15:25,1,1,3886
2026-09-12 13:15:46,1,1,3885
2026-09-12 13:16:06,0,0,3884
2026-09-12 13:16:27,0,0,3883
2026-09-12 13:16:47,0,0,3882
2026-09-12 13:17:08,1,1,3881
2026-09-12 13:17:28,1,1,3880
2026-09-12 13:17:49,0,0,3879
2026-09-12 13:18:09,0,0,3878
2026-09-12 13:18:30,0,0,3877
2026-09-12 16:37:04,0,0,3999
2026-09-12 16:37:25,0,0,3998
2026-09-12 16:37:45,0,0,3997
2026-09-12 16:38:06,0,0,3996
2026-09-12 16:38:26,0,0,3995
2026-09-12 16:38:47,0,0,3994
2026-09-12 16:39:08,0,0,3993
2026-09-12 16:39:28,0,0,3992
2026-09-12 16:39:49,0,0,3991
2026-09-12 16:40:11,1,1,3990
2026-09-12 16:40:31,1,1,3989
2026-09-12 16:40:52,0,0,3988
2026-09-12 16:41:12,0,0,3987
2026-09-12 16:41:33,0,0,3986
2026-09-12 16:41:53,0,0,3985
2026-09-12 18:51:27,0,0,3984
2026-09-12 18:51:47,0,0,3983
2026-09-12 18:52:08,1,1,3982
2026-09-12 18:52:28,1,1,3981
2026-09-12 18:52:48,0,0,3980
2026-09-12 18:53:09,0,0,3979
2026-09-12 18:53:29,0,0,3978
2026-09-12 18:53:50,1,1,3977
2026-09-12 18:54:10,0,0,3976
2026-09-12 18:54:31,0,0,3975
2026-09-12 18:54:51,0,0,3974
2026-09-12 18:55:11,0,0,3973
2026-09-12 18:55:32,0,0,3972
2026-09-12 18:55:52,0,0,3971
2026-09-12 18:56:12,0,0,3970
2026-09-12 21:05:42,0,0,3969
2026-09-12 21:06:03,0,0,3968
2026-09-12 21:06:23,0,0,3967
2026-09-12 21:06:44,0,0,3966
2026-09-12 21:07:04,0,0,3965
2026-09-12 21:07:25,0,0,3964
2026-09-12 21:07:45,0,0,3963
2026-09-12 21:08:05,0,0,3962
2026-09-12 21:08:26,0,0,3961
2026-09-12 21:08:46,0,0,3960
2026-09-12 21:09:07,0,0,3959
2026-09-12 21:09:27,0,0,3958
2026-09-12 21:09:47,0,0,3957
2026-09-12 21:10:08,0,0,3956
2026-09-12 21:10:28,0,0,3955
2026-09-12 23:33:26,0,0,3954
2026-09-12 23:33:46,0,0,3953
2026-09-12 23:34:06,0,0,3952
2026-09-12 23:34:27,0,0,3951
2026-09-12 23:34:47,0,0,3950
2026-09-12 23:35:08,0,0,3949
2026-09-12 23:35:28,0,0,3948
2026-09-12 23:35:48,0,0,3947
2026-09-12 23:36:09,0,0,3946
2026-09-12 23:36:29,0,0,3945
2026-09-12 23:36:50,0,0,3944
2026-09-12 23:37:10,0,0,3943
2026-09-12 23:37:30,0,0,3942
2026-09-12 23:37:51,0,0,3941
2026-09-12 23:38:11,0,0,3940
2026-09-13 02:00:11,0,0,3939
2026-09-13 02:00:31,0,0,3938
2026-09-13 02:00:52,0,0,3937
2026-09-13 02:01:13,0,0,3936
2026-09-13 02:01:33,0,0,3935
2026-09-13 02:01:53,0,0,3934
2026-09-13 02:02:15,0,0,3933
2026-09-13 02:02:35,0,0,3932
2026-09-13 02:02:56,0,0,3931
2026-09-13 02:03:16,0,0,3930
2026-09-13 02:03:37,0,0,3929
2026-09-13 02:03:57,0,0,3928
2026-09-13 02:04:17,0,0,3927
2026-09-13 02:04:38,0,0,3926
2026-09-13 02:04:58,0,0,3925
2026-09-13 07:44:51,0,0,3924
2026-09-13 07:45:11,0,0,3923
2026-09-13 07:45:32,0,0,3922
2026-09-13 07:45:52,0,0,3921
2026-09-13 07:46:13,0,0,3920
2026-09-13 07:46:33,0,0,3919
2026-09-13 07:46:53,1,1,3918
2026-09-13 07:47:14,0,0,3917
2026-09-13 07:47:34,0,0,3916
2026-09-13 07:47:55,0,0,3915
2026-09-13 07:48:15,0,0,3914
2026-09-13 07:48:36,0,0,3913
2026-09-13 07:48:56,0,0,3912
2026-09-13 07:49:17,0,0,3911
2026-09-13 07:49:37,0,0,3910
2026-09-13 12:55:30,0,0,3909
2026-09-13 12:55:50,0,0,3908
2026-09-13 12:56:11,0,0,3907
2026-09-13 12:56:31,0,0,3906
2026-09-13 12:56:52,0,0,3905
2026-09-13 12:57:12,0,0,3904
2026-09-13 12:57:32,0,0,3903
2026-09-13 12:57:53,0,0,3902
2026-09-13 12:58:13,0,0,3901
2026-09-13 12:58:34,0,0,3900
2026-09-13 12:58:54,0,0,3899
2026-09-13 12:59:14,0,0,3898
2026-09-13 12:59:35,0,0,3897
2026-09-13 12:59:55,0,0,3896
2026-09-13 13:00:16,0,0,3895
2026-09-13 16:45:11,0,0,3999
2026-09-13 16:45:32,0,0,3998
2026-09-13 16:45:52,0,0,3997
2026-09-13 16:46:12,0,0,3996
2026-09-13 16:46:33,0,0,3995
2026-09-13 16:46:54,0,0,3994
2026-09-13 16:47:14,0,0,3993
2026-09-13 16:47:35,0,0,3992
2026-09-13 16:47:55,0,0,3991
2026-09-13 16:48:15,0,0,3990
2026-09-13 16:48:36,0,0,3989
2026-09-13 16:48:57,0,0,3988
2026-09-13 16:49:17,0,0,3987
2026-09-13 16:49:38,0,0,3986
2026-09-13 16:49:58,0,0,3985
2026-09-13 19:05:30,0,0,3984
2026-09-13 19:05:50,0,0,3983
2026-09-13 19:06:11,1,1,3982
2026-09-13 19:06:32,1,1,3981
2026-09-13 19:06:52,1,1,3980
2026-09-13 19:07:13,0,0,3979
2026-09-13 19:07:33,1,1,3978
2026-09-13 19:07:53,1,1,3977
2026-09-13 19:08:14,0,0,3976
2026-09-13 19:08:34,0,0,3975
2026-09-13 19:08:55,1,1,3974
2026-09-13 19:09:15,1,1,3973
2026-09-13 19:09:36,0,0,3972
2026-09-13 19:09:56,0,0,3971
2026-09-13 19:10:17,1,1,3970
2026-09-13 21:55:22,0,0,3969
2026-09-13 21:55:43,0,0,3968
2026-09-13 21:56:03,0,0,3967
2026-09-13 21:56:23,0,0,3966
2026-09-13 21:56:44,0,0,3965
2026-09-13 21:57:05,0,0,3964
2026-09-13 21:57:25,0,0,3963
2026-09-13 21:57:45,0,0,3962
2026-09-13 21:58:06,0,0,3961
2026-09-13 21:58:26,0,0,3960
2026-09-13 21:58:47,0,0,3959
2026-09-13 21:59:07,0,0,3958
2026-09-13 21:59:28,0,0,3957
2026-09-13 21:59:48,0,0,3956
2026-09-13 22:00:08,0,0,3955
2026-09-13 23:46:53,0,0,3954
2026-09-13 23:47:14,0,0,3953
2026-09-13 23:47:34,0,0,3952
2026-09-13 23:47:55,0,0,3951
2026-09-13 23:48:16,0,0,3950
2026-09-13 23:48:36,0,0,3949
2026-09-13 23:48:57,0,0,3948
2026-09-13 23:49:17,0,0,3947
2026-09-13 23:49:38,0,0,3946
2026-09-13 23:49:58,0,0,3945
2026-09-13 23:50:19,0,0,3944
2026-09-13 23:50:39,0,0,3943
2026-09-13 23:51:00,0,0,3942
2026-09-13 23:51:20,0,0,3941
2026-09-13 23:51:41,0,0,3940
2026-09-14 02:18:14,0,0,3939
2026-09-14 02:18:35,0,0,3938
2026-09-14 02:18:55,0,0,3937
2026-09-14 02:19:16,0,0,3936
2026-09-14 02:19:36,0,0,3935
2026-09-14 02:19:57,0,0,3934
2026-09-14 02:20:17,0,0,3933
2026-09-14 02:20:38,0,0,3932
2026-09-14 02:20:58,0,0,3931
2026-09-14 02:21:19,0,0,3930
2026-09-14 02:21:39,0,0,3929
2026-09-14 02:22:00,0,0,3928
2026-09-14 02:22:21,0,0,3927
2026-09-14 02:22:41,0,0,3926
2026-09-14 02:23:02,0,0,3925
2026-09-14 08:16:05,0,0,3924
2026-09-14 08:16:25,0,0,3923
2026-09-14 08:16:46,0,0,3922
2026-09-14 08:17:06,0,0,3921
2026-09-14 08:17:27,0,0,3920
2026-09-14 08:17:47,0,0,3919
2026-09-14 08:18:07,0,0,3918
2026-09-14 08:18:28,0,0,3917
2026-09-14 08:18:48,0,0,3916
2026-09-14 08:19:09,1,1,3915
2026-09-14 08:19:29,0,0,3914
2026-09-14 08:19:50,0,0,3913
2026-09-14 08:20:10,0,0,3912
2026-09-14 08:20:30,0,0,3911
2026-09-14 08:20:51,0,0,3910
2026-09-14 15:24:43,0,0,3999
2026-09-14 15:25:03,0,0,3998
2026-09-14 15:25:24,0,0,3997
2026-09-14 15:25:44,0,0,3996
2026-09-14 15:26:05,0,0,3995
2026-09-14 15:26:25,0,0,3994
2026-09-14 15:26:46,0,0,3993
2026-09-14 15:27:06,0,0,3992
2026-09-14 15:27:27,0,0,3991
2026-09-14 15:27:48,0,0,3990
2026-09-14 15:28:08,0,0,3989
2026-09-14 15:28:29,0,0,3988
2026-09-14 15:28:49,0,0,3987
2026-09-14 15:29:10,0,0,3986
2026-09-14 15:29:31,1,1,3985
2026-09-14 20:01:44,0,0,3984
2026-09-14 20:02:05,0,0,3983
2026-09-14 20:02:26,0,0,3982
2026-09-14 20:02:47,0,0,3981
2026-09-14 20:03:07,0,0,3980
2026-09-14 20:03:28,0,0,3979
2026-09-14 20:03:49,1,1,3978
2026-09-14 20:04:09,1,1,3977
2026-09-14 20:04:30,0,0,3976
2026-09-14 20:04:51,0,0,3975
2026-09-14 20:05:11,0,0,3974
2026-09-14 20:05:32,0,0,3973
2026-09-14 20:05:52,1,1,3972
2026-09-14 20:06:13,1,1,3971
2026-09-14 20:06:34,0,0,3970
2026-09-14 23:34:42,0,0,3969
2026-09-14 23:35:03,0,0,3968
2026-09-14 23:35:23,0,0,3967
2026-09-14 23:35:43,0,0,3966
2026-09-14 23:36:04,0,0,3965
2026-09-14 23:36:24,0,0,3964
2026-09-14 23:36:45,0,0,3963
2026-09-14 23:37:05,0,0,3962
2026-09-14 23:37:26,0,0,3961
2026-09-14 23:37:46,0,0,3960
2026-09-14 23:38:06,0,0,3959
2026-09-14 23:38:27,0,0,3958
2026-09-14 23:38:47,0,0,3957
2026-09-14 23:39:08,0,0,3956
2026-09-14 23:39:28,0,0,3955
2026-09-15 02:24:00,0,0,3954
2026-09-15 02:24:21,0,0,3953
2026-09-15 02:24:41,0,0,3952
2026-09-15 02:25:02,0,0,3951
2026-09-15 02:25:22,0,0,3950
2026-09-15 02:25:43,0,0,3949
2026-09-15 02:26:03,0,0,3948
2026-09-15 02:26:23,0,0,3947
2026-09-15 02:26:44,0,0,3946
2026-09-15 02:27:04,0,0,3945
2026-09-15 02:27:25,0,0,3944
2026-09-15 02:27:45,0,0,3943
2026-09-15 02:28:05,0,0,3942
2026-09-15 02:28:26,0,0,3941
2026-09-15 02:28:46,0,0,3940
2026-09-15 08:08:26,0,0,3939
2026-09-15 08:08:47,0,0,3938
2026-09-15 08:09:07,0,0,3937
2026-09-15 08:09:28,1,1,3936
2026-09-15 08:09:48,1,1,3935
2026-09-15 08:10:09,0,0,3934
2026-09-15 08:10:29,0,0,3933
2026-09-15 08:10:50,0,0,3932
2026-09-15 08:11:10,0,0,3931
2026-09-15 08:11:31,0,0,3930
2026-09-15 08:11:51,1,1,3929
2026-09-15 08:12:12,1,1,3928
2026-09-15 08:12:32,0,0,3927
2026-09-15 08:12:53,0,0,3926
2026-09-15 08:13:13,0,0,3925
2026-09-15 13:57:54,0,0,3999
2026-09-15 13:58:14,0,0,3998
2026-09-15 13:58:34,1,1,3997
2026-09-15 13:58:55,1,1,3996
2026-09-15 13:59:15,0,0,3995
2026-09-15 13:59:36,0,0,3994
2026-09-15 13:59:56,0,0,3993
2026-09-15 14:00:16,0,0,3992
2026-09-15 14:00:37,0,0,3991
2026-09-15 14:00:57,0,0,3990
2026-09-15 14:01:18,0,0,3989
2026-09-15 14:01:38,0,0,3988
2026-09-15 14:01:59,0,0,3987
2026-09-15 14:02:19,0,0,3986
2026-09-15 14:02:40,0,0,3985
2026-09-15 17:55:00,1,1,3984
2026-09-15 17:55:21,1,1,3983
2026-09-15 17:55:41,0,0,3982
2026-09-15 17:56:02,0,0,3981
2026-09-15 17:56:22,0,0,3980
2026-09-15 17:56:43,0,0,3979
2026-09-15 17:57:03,0,0,3978
2026-09-15 17:57:24,0,0,3977
2026-09-15 17:57:44,0,0,3976
2026-09-15 17:58:05,0,0,3975
2026-09-15 17:58:25,0,0,3974
2026-09-15 17:58:45,0,0,3973
2026-09-15 17:59:06,1,1,3972
2026-09-15 17:59:26,1,1,3971
2026-09-15 17:59:47,0,0,3970
2026-09-15 20:37:50,1,1,3969
2026-09-15 20:38:11,0,0,3968
2026-09-15 20:38:31,0,0,3967
2026-09-15 20:38:51,0,0,3966
2026-09-15 20:39:12,1,1,3965
2026-09-15 20:39:32,1,1,3964
2026-09-15 20:39:53,0,0,3963
2026-09-15 20:40:13,0,0,3962
2026-09-15 20:40:34,1,1,3961
2026-09-15 20:40:55,0,0,3960
2026-09-15 20:41:15,0,0,3959
2026-09-15 20:41:35,0,0,3958
2026-09-15 20:41:56,1,1,3957
2026-09-15 20:42:16,1,1,3956
2026-09-15 20:42:37,0,0,3955
2026-09-15 23:17:55,0,0,3954
2026-09-15 23:18:15,0,0,3953
2026-09-15 23:18:35,0,0,3952
2026-09-15 23:18:56,0,0,3951
2026-09-15 23:19:16,0,0,3950
2026-09-15 23:19:36,0,0,3949
2026-09-15 23:19:57,0,0,3948
2026-09-15 23:20:17,0,0,3947
2026-09-15 23:20:38,0,0,3946
2026-09-15 23:20:58,0,0,3945
2026-09-15 23:21:19,0,0,3944
2026-09-15 23:21:39,0,0,3943
2026-09-15 23:21:59,0,0,3942
2026-09-15 23:22:20,0,0,3941
2026-09-15 23:22:40,0,0,3940
2026-09-16 02:17:31,0,0,3939
2026-09-16 02:17:51,0,0,3938
2026-09-16 02:18:12,0,0,3937
2026-09-16 02:18:32,0,0,3936
2026-09-16 02:18:52,0,0,3935
2026-09-16 02:19:13,0,0,3934
2026-09-16 02:19:33,0,0,3933
2026-09-16 02:19:53,0,0,3932
2026-09-16 02:20:14,0,0,3931
2026-09-16 02:20:34,0,0,3930
2026-09-16 02:20:55,0,0,3929
2026-09-16 02:21:15,0,0,3928
2026-09-16 02:21:35,0,0,3927
2026-09-16 02:21:56,0,0,3926
2026-09-16 02:22:16,0,0,3925
2026-09-16 08:02:26,0,0,3924
2026-09-16 08:02:46,0,0,3923
2026-09-16 08:03:06,0,0,3922
2026-09-16 08:03:27,1,1,3921
2026-09-16 08:03:47,1,1,3920
2026-09-16 08:04:08,0,0,3919
2026-09-16 08:04:28,0,0,3918
2026-09-16 08:04:49,0,0,3917
2026-09-16 08:05:09,1,1,3916
2026-09-16 08:05:30,1,1,3915
2026-09-16 08:05:50,0,0,3914
2026-09-16 08:06:10,0,0,3913
2026-09-16 08:06:31,0,0,3912
2026-09-16 08:06:51,1,1,3911
2026-09-16 08:07:12,1,1,3910
2026-09-16 13:51:21,0,0,3909
2026-09-16 13:51:42,0,0,3908
2026-09-16 13:52:02,0,0,3907
2026-09-16 13:52:23,0,0,3906
2026-09-16 13:52:43,0,0,3905
2026-09-16 13:53:04,1,1,3904
2026-09-16 13:53:25,1,1,3999
2026-09-16 13:53:45,0,0,3998
2026-09-16 13:54:06,0,0,3997
2026-09-16 13:54:26,0,0,3996
2026-09-16 13:54:47,0,0,3995
2026-09-16 13:55:08,0,0,3994
2026-09-16 13:55:28,0,0,3993
2026-09-16 13:55:49,0,0,3992
2026-09-16 13:56:09,0,0,3991
2026-09-16 17:50:09,0,0,3990
2026-09-16 17:50:30,1,1,3989
2026-09-16 17:50:50,1,1,3988
2026-09-16 17:51:10,0,0,3987
2026-09-16 17:51:31,0,0,3986
2026-09-16 17:51:51,0,0,3985
2026-09-16 17:52:12,0,0,3984
2026-09-16 17:52:32,0,0,3983
2026-09-16 17:52:53,0,0,3982
2026-09-16 17:53:13,0,0,3981
2026-09-16 17:53:34,1,1,3980
2026-09-16 17:53:54,1,1,3979
2026-09-16 17:54:14,0,0,3978
2026-09-16 17:54:35,0,0,3977
2026-09-16 17:54:55,0,0,3976
2026-09-16 20:37:01,0,0,3975
2026-09-16 20:37:22,0,0,3974
2026-09-16 20:37:42,0,0,3973
2026-09-16 20:38:03,0,0,3972
2026-09-16 20:38:23,0,0,3971
2026-09-16 20:38:44,0,0,3970
2026-09-16 20:39:04,0,0,3969
2026-09-16 20:39:25,0,0,3968
2026-09-16 20:39:45,0,0,3967
2026-09-16 20:40:06,0,0,3966
2026-09-16 20:40:26,0,0,3965
2026-09-16 20:40:47,0,0,3964
2026-09-16 20:41:07,0,0,3963
2026-09-16 20:41:28,0,0,3962
2026-09-16 20:41:48,0,0,3961
2026-09-16 23:23:21,0,0,3960
2026-09-16 23:23:41,0,0,3959
2026-09-16 23:24:02,0,0,3958
2026-09-16 23:24:22,0,0,3957
2026-09-16 23:24:43,0,0,3956
2026-09-16 23:25:03,0,0,3955
2026-09-16 23:25:24,0,0,3954
2026-09-16 23:25:44,0,0,3953
2026-09-16 23:26:05,0,0,3952
2026-09-16 23:26:25,0,0,3951
2026-09-16 23:26:45,0,0,3950
2026-09-16 23:27:06,0,0,3949
2026-09-16 23:27:26,0,0,3948
2026-09-16 23:27:47,0,0,3947
2026-09-16 23:28:07,0,0,3946
2026-09-17 02:21:44,0,0,3945
2026-09-17 02:22:04,0,0,3944
2026-09-17 02:22:25,0,0,3943
2026-09-17 02:22:46,0,0,3942
2026-09-17 02:23:06,0,0,3941
2026-09-17 02:23:27,0,0,3940
2026-09-17 02:23:47,0,0,3939
2026-09-17 02:24:08,0,0,3938
2026-09-17 02:24:28,0,0,3937
2026-09-17 02:24:49,0,0,3936
2026-09-17 02:25:09,0,0,3935
2026-09-17 02:25:30,0,0,3934
2026-09-17 02:25:50,0,0,3933
2026-09-17 02:26:11,0,0,3932
2026-09-17 02:26:32,0,0,3931
2026-09-17 08:08:39,0,0,3930
2026-09-17 08:08:59,0,0,3929
2026-09-17 08:09:19,0,0,3928
2026-09-17 08:09:40,0,0,3927
2026-09-17 08:10:00,0,0,3926
2026-09-17 08:10:21,0,0,3925
2026-09-17 08:10:41,0,0,3924
2026-09-17 08:11:02,0,0,3923
2026-09-17 08:11:22,1,1,3922
2026-09-17 08:11:42,1,1,3921
2026-09-17 08:12:03,0,0,3920
2026-09-17 08:12:23,0,0,3919
2026-09-17 08:12:44,0,0,3918
2026-09-17 08:13:04,0,0,3917
2026-09-17 08:13:25,0,0,3916
2026-09-17 13:55:35,0,0,3999
2026-09-17 13:55:56,0,0,3998
2026-09-17 13:56:16,1,1,3997
2026-09-17 13:56:37,1,1,3996
2026-09-17 13:56:57,0,0,3995
2026-09-17 13:57:18,0,0,3994
2026-09-17 13:57:38,0,0,3993
2026-09-17 13:57:59,0,0,3992
2026-09-17 13:58:19,0,0,3991
2026-09-17 13:58:39,0,0,3990
2026-09-17 13:59:00,0,0,3989
2026-09-17 13:59:20,0,0,3988
2026-09-17 13:59:41,0,0,3987
2026-09-17 14:00:01,0,0,3986
2026-09-17 14:00:22,0,0,3985
2026-09-17 17:51:42,0,0,3984
2026-09-17 17:52:02,0,0,3983
2026-09-17 17:52:23,0,0,3982
2026-09-17 17:52:43,0,0,3981
2026-09-17 17:53:04,1,1,3980
2026-09-17 17:53:24,0,0,3979
2026-09-17 17:53:45,0,0,3978
2026-09-17 17:54:05,0,0,3977
2026-09-17 17:54:25,1,1,3976
2026-09-17 17:54:46,0,0,3975
2026-09-17 17:55:06,0,0,3974
2026-09-17 17:55:26,0,0,3973
2026-09-17 17:55:47,0,0,3972
2026-09-17 17:56:07,0,0,3971
2026-09-17 17:56:27,1,1,3970
2026-09-17 20:44:08,0,0,3969
2026-09-17 20:44:29,1,0,3968
2026-09-17 20:44:49,0,0,3967
2026-09-17 20:45:10,0,0,3966
2026-09-17 20:45:30,0,0,3965
2026-09-17 20:45:50,0,0,3964
2026-09-17 20:46:11,0,0,3963
2026-09-17 20:46:31,0,0,3962
2026-09-17 20:46:52,0,0,3961
2026-09-17 20:47:12,0,0,3960
2026-09-17 20:47:33,0,0,3959
2026-09-17 20:47:53,0,0,3958
2026-09-17 20:48:14,0,0,3957
2026-09-17 20:48:34,0,0,3956
2026-09-17 20:48:55,1,1,3955
2026-09-17 23:14:41,0,0,3954
2026-09-17 23:15:01,0,0,3953
2026-09-17 23:15:22,0,0,3952
2026-09-17 23:15:42,0,0,3951
2026-09-17 23:16:03,0,0,3950
2026-09-17 23:16:23,0,0,3949
2026-09-17 23:16:44,0,0,3948
2026-09-17 23:17:04,0,0,3947
2026-09-17 23:17:25,0,0,3946
2026-09-17 23:17:45,0,0,3945
2026-09-17 23:18:06,0,0,3944
2026-09-17 23:18:26,0,0,3943
2026-09-17 23:18:47,0,0,3942
2026-09-17 23:19:07,0,0,3941
2026-09-17 23:19:27,0,0,3940
2026-09-18 02:06:59,0,0,3939
2026-09-18 02:07:20,0,0,3938
2026-09-18 02:07:40,0,0,3937
2026-09-18 02:08:00,0,0,3936
2026-09-18 02:08:21,0,0,3935
2026-09-18 02:08:41,0,0,3934
2026-09-18 02:09:02,0,0,3933
2026-09-18 02:09:22,0,0,3932
2026-09-18 02:09:42,0,0,3931
2026-09-18 02:10:03,0,0,3930
2026-09-18 02:10:23,0,0,3929
2026-09-18 02:10:44,0,0,3928
2026-09-18 02:11:04,0,0,3927
2026-09-18 02:11:25,0,0,3926
2026-09-18 02:11:45,1,1,3925
2026-09-18 07:43:40,0,0,3924
2026-09-18 07:44:00,0,0,3923
2026-09-18 07:44:21,0,0,3922
2026-09-18 07:44:42,0,0,3921
2026-09-18 07:45:02,0,0,3920
2026-09-18 07:45:23,0,0,3919
2026-09-18 07:45:43,0,0,3918
2026-09-18 07:46:04,0,0,3917
2026-09-18 07:46:24,1,1,3916
2026-09-18 07:46:45,0,0,3915
2026-09-18 07:47:05,0,0,3914
2026-09-18 07:47:25,0,0,3913
2026-09-18 07:47:46,0,0,3912
2026-09-18 07:48:06,0,0,3911
2026-09-18 07:48:27,0,0,3910
2026-09-18 12:28:08,0,0,3909
2026-09-18 12:28:29,0,0,3908
2026-09-18 12:28:49,0,0,3907
2026-09-18 12:29:10,1,1,3906
2026-09-18 12:29:30,1,1,3905
2026-09-18 12:29:51,1,1,3904
2026-09-18 12:30:11,0,0,3903
2026-09-18 12:30:32,0,0,3902
2026-09-18 12:30:52,0,0,3901
2026-09-18 12:31:13,0,0,3900
2026-09-18 12:31:33,0,0,3899
2026-09-18 12:31:54,1,1,3898
2026-09-18 12:32:15,1,1,3897
2026-09-18 12:32:35,0,0,3896
2026-09-18 12:32:56,0,0,3895
2026-09-18 16:48:00,1,1,3999
2026-09-18 16:48:20,1,1,3998
2026-09-18 16:48:41,0,0,3997
2026-09-18 16:49:01,0,0,3996
2026-09-18 16:49:22,0,0,3995
2026-09-18 16:49:42,1,1,3994
2026-09-18 16:50:03,1,1,3993
2026-09-18 16:50:23,0,0,3992
2026-09-18 16:50:43,0,0,3991
2026-09-18 16:51:04,0,0,3990
2026-09-18 16:51:24,1,1,3989
2026-09-18 16:51:44,0,0,3988
2026-09-18 16:52:05,0,0,3987
2026-09-18 16:52:25,0,0,3986
2026-09-18 16:52:46,1,1,3985
2026-09-18 19:17:24,1,1,3984
2026-09-18 19:17:45,0,0,3983
2026-09-18 19:18:05,0,0,3982
2026-09-18 19:18:26,0,0,3981
2026-09-18 19:18:46,0,0,3980
2026-09-18 19:19:07,0,0,3979
2026-09-18 19:19:27,0,0,3978
2026-09-18 19:19:48,0,0,3977
2026-09-18 19:20:09,0,0,3976
2026-09-18 19:20:29,1,1,3975
2026-09-18 19:20:50,0,0,3974
2026-09-18 19:21:10,0,0,3973
2026-09-18 19:21:31,0,0,3972
2026-09-18 19:21:51,0,0,3971
2026-09-18 19:22:12,1,1,3970
2026-09-18 22:02:46,0,0,3969
2026-09-18 22:03:06,0,0,3968
2026-09-18 22:03:27,0,0,3967
2026-09-18 22:03:47,0,0,3966
2026-09-18 22:04:07,0,0,3965
2026-09-18 22:04:28,0,0,3964
2026-09-18 22:04:48,0,0,3963
2026-09-18 22:05:09,0,0,3962
2026-09-18 22:05:29,0,0,3961
2026-09-18 22:05:50,0,0,3960
2026-09-18 22:06:10,0,0,3959
2026-09-18 22:06:31,0,0,3958
2026-09-18 22:06:51,0,0,3957
2026-09-18 22:07:12,0,0,3956
2026-09-18 22:07:32,0,0,3955
2026-09-19 00:46:04,0,0,3954
2026-09-19 00:46:24,0,0,3953
2026-09-19 00:46:45,0,0,3952
2026-09-19 00:47:06,0,0,3951
2026-09-19 00:47:26,0,0,3950
2026-09-19 00:47:47,0,0,3949
2026-09-19 00:48:07,0,0,3948
2026-09-19 00:48:28,0,0,3947
2026-09-19 00:48:48,0,0,3946
2026-09-19 00:49:09,0,0,3945
2026-09-19 00:49:29,0,0,3944
2026-09-19 00:49:50,0,0,3943
2026-09-19 00:50:10,0,0,3942
2026-09-19 00:50:31,0,0,3941
2026-09-19 00:50:51,0,0,3940
2026-09-19 05:16:19,0,0,3939
2026-09-19 05:16:40,0,0,3938
2026-09-19 05:17:00,0,0,3937
2026-09-19 05:17:21,0,0,3936
2026-09-19 05:17:41,0,0,3935
2026-09-19 05:18:01,0,0,3934
2026-09-19 05:18:22,0,0,3933
2026-09-19 05:18:42,0,0,3932
2026-09-19 05:19:03,0,0,3931
2026-09-19 05:19:23,0,0,3930
2026-09-19 05:19:43,0,0,3929
2026-09-19 05:20:04,0,0,3928
2026-09-19 05:20:24,0,0,3927
2026-09-19 05:20:44,0,0,3926
2026-09-19 05:21:05,0,0,3925
2026-09-19 09:55:24,0,0,3924
2026-09-19 09:55:44,0,0,3923
2026-09-19 09:56:05,0,0,3922
2026-09-19 09:56:25,0,0,3921
2026-09-19 09:56:46,0,0,3920
2026-09-19 09:57:06,0,0,3919
2026-09-19 09:57:26,0,0,3918
2026-09-19 09:57:47,0,0,3917
2026-09-19 09:58:07,0,0,3916
2026-09-19 09:58:27,0,0,3915
2026-09-19 09:58:48,0,0,3914
2026-09-19 09:59:08,0,0,3913
2026-09-19 09:59:28,1,1,3912
2026-09-19 09:59:49,1,1,3911
2026-09-19 10:00:09,0,0,3910
2026-09-19 13:34:52,0,0,3909
2026-09-19 13:35:13,0,0,3908
2026-09-19 13:35:33,1,1,3907
2026-09-19 13:35:53,1,1,3906
2026-09-19 13:36:14,0,0,3905
2026-09-19 13:36:34,0,0,3904
2026-09-19 13:36:54,0,0,3903
2026-09-19 13:37:15,1,1,3902
2026-09-19 13:37:36,1,1,3901
2026-09-19 13:37:56,0,0,3900
2026-09-19 13:38:16,0,0,3899
2026-09-19 13:38:37,0,0,3898
2026-09-19 13:38:57,0,0,3897
2026-09-19 13:39:17,0,0,3896
2026-09-19 13:39:38,0,0,3895
2026-09-19 16:53:41,0,0,3999
2026-09-19 16:54:01,1,1,3998
2026-09-19 16:54:22,1,1,3997
2026-09-19 16:54:42,0,0,3996
2026-09-19 16:55:02,0,0,3995
2026-09-19 16:55:23,0,0,3994
2026-09-19 16:55:43,0,0,3993
2026-09-19 16:56:03,0,0,3992
2026-09-19 16:56:24,0,0,3991
2026-09-19 16:56:44,0,0,3990
2026-09-19 16:57:04,0,0,3989
2026-09-19 16:57:25,0,0,3988
2026-09-19 16:57:45,0,0,3987
2026-09-19 16:58:05,1,1,3986
2026-09-19 16:58:26,1,1,3985
2026-09-19 19:03:48,0,0,3984
2026-09-19 19:04:08,0,0,3983
2026-09-19 19:04:29,0,0,3982
2026-09-19 19:04:49,0,0,3981
2026-09-19 19:05:10,0,0,3980
2026-09-19 19:05:30,0,0,3979
2026-09-19 19:05:51,0,0,3978
2026-09-19 19:06:11,0,0,3977
2026-09-19 19:06:32,0,0,3976
2026-09-19 19:06:53,0,0,3975
2026-09-19 19:07:13,0,0,3974
2026-09-19 19:07:33,0,0,3973
2026-09-19 19:07:54,0,0,3972
2026-09-19 19:08:14,1,1,3971
2026-09-19 19:08:35,0,0,3970
2026-09-19 21:55:13,0,0,3969
2026-09-19 21:55:33,0,0,3968
2026-09-19 21:55:54,0,0,3967
2026-09-19 21:56:14,0,0,3966
2026-09-19 21:56:35,0,0,3965
2026-09-19 21:56:55,0,0,3964
2026-09-19 21:57:16,1,1,3963
2026-09-19 21:57:36,1,1,3962
2026-09-19 21:57:57,0,0,3961
2026-09-19 21:58:17,0,0,3960
2026-09-19 21:58:38,0,0,3959
2026-09-19 21:58:58,0,0,3958
2026-09-19 21:59:19,0,0,3957
2026-09-19 21:59:39,0,0,3956
2026-09-19 21:59:59,0,0,3955
2026-09-19 23:47:16,0,0,3954
2026-09-19 23:47:37,0,0,3953
2026-09-19 23:47:57,0,0,3952
2026-09-19 23:48:18,0,0,3951
2026-09-19 23:48:39,0,0,3950
2026-09-19 23:48:59,0,0,3949
2026-09-19 23:49:20,0,0,3948
2026-09-19 23:49:41,0,0,3947
2026-09-19 23:50:01,0,0,3946
2026-09-19 23:50:22,0,0,3945
2026-09-19 23:50:42,0,0,3944
2026-09-19 23:51:03,0,0,3943
2026-09-19 23:51:23,0,0,3942
2026-09-19 23:51:44,0,0,3941
2026-09-19 23:52:04,0,0,3940
2026-09-20 02:17:59,0,0,3939
2026-09-20 02:18:20,0,0,3938
2026-09-20 02:18:41,0,0,3937
2026-09-20 02:19:01,0,0,3936
2026-09-20 02:19:22,0,0,3935
2026-09-20 02:19:42,0,0,3934
2026-09-20 02:20:03,0,0,3933
2026-09-20 02:20:23,0,0,3932
2026-09-20 02:20:44,0,0,3931
2026-09-20 02:21:05,0,0,3930
2026-09-20 02:21:25,0,0,3929
2026-09-20 02:21:46,0,0,3928
2026-09-20 02:22:06,0,0,3927
2026-09-20 02:22:27,0,0,3926
2026-09-20 02:22:47,0,0,3925
2026-09-20 08:02:22,0,0,3924
2026-09-20 08:02:43,0,0,3923
2026-09-20 08:03:03,0,0,3922
2026-09-20 08:03:24,0,0,3921
2026-09-20 08:03:44,0,0,3920
2026-09-20 08:04:04,1,1,3919
2026-09-20 08:04:25,0,0,3918
2026-09-20 08:04:45,0,0,3917
2026-09-20 08:05:06,0,0,3916
2026-09-20 08:05:26,0,0,3915
2026-09-20 08:05:46,0,0,3914
2026-09-20 08:06:07,0,0,3913
2026-09-20 08:06:27,0,0,3912
2026-09-20 08:06:48,1,1,3911
2026-09-20 08:07:08,0,0,3910
2026-09-20 13:18:03,0,0,3909
2026-09-20 13:18:24,0,0,3908
2026-09-20 13:18:44,0,0,3907
2026-09-20 13:19:05,0,0,3906
2026-09-20 13:19:25,0,0,3905
2026-09-20 13:19:46,0,0,3904
2026-09-20 13:20:07,1,1,3903
2026-09-20 13:20:27,0,0,3902
2026-09-20 13:20:48,0,0,3901
2026-09-20 13:21:09,0,0,3900
2026-09-20 13:21:29,0,0,3899
2026-09-20 13:21:50,0,0,3898
2026-09-20 13:22:10,1,1,3897
2026-09-20 13:22:31,1,1,3896
2026-09-20 13:22:51,0,0,3895
2026-09-20 17:06:41,0,0,3999
2026-09-20 17:07:02,0,0,3998
2026-09-20 17:07:22,0,0,3997
2026-09-20 17:07:42,0,0,3996
2026-09-20 17:08:03,0,0,3995
2026-09-20 17:08:23,0,0,3994
2026-09-20 17:08:44,0,0,3993
2026-09-20 17:09:04,0,0,3992
2026-09-20 17:09:25,0,0,3991
2026-09-20 17:09:45,1,1,3990
2026-09-20 17:10:06,1,1,3989
2026-09-20 17:10:26,0,0,3988
2026-09-20 17:10:47,0,0,3987
2026-09-20 17:11:07,0,0,3986
2026-09-20 17:11:28,0,0,3985
2026-09-20 19:57:34,0,0,3984
2026-09-20 19:57:54,0,0,3983
2026-09-20 19:58:14,0,0,3982
2026-09-20 19:58:35,0,0,3981
2026-09-20 19:58:55,0,0,3980
2026-09-20 19:59:16,0,0,3979
2026-09-20 19:59:36,0,0,3978
2026-09-20 19:59:56,0,0,3977
2026-09-20 20:00:17,0,0,3976
2026-09-20 20:00:37,0,0,3975
2026-09-20 20:00:58,0,0,3974
2026-09-20 20:01:18,0,0,3973
2026-09-20 20:01:38,0,0,3972
2026-09-20 20:01:59,0,0,3971
2026-09-20 20:02:19,0,0,3970
2026-09-20 22:08:28,0,0,3969
2026-09-20 22:08:49,0,0,3968
2026-09-20 22:09:10,0,0,3967
2026-09-20 22:09:30,0,0,3966
2026-09-20 22:09:51,0,0,3965
2026-09-20 22:10:11,0,0,3964
2026-09-20 22:10:32,0,0,3963
2026-09-20 22:10:52,0,0,3962
2026-09-20 22:11:13,0,0,3961
2026-09-20 22:11:33,0,0,3960
2026-09-20 22:11:54,0,0,3959
2026-09-20 22:12:14,0,0,3958
2026-09-20 22:12:35,0,0,3957
2026-09-20 22:12:55,0,0,3956
2026-09-20 22:13:16,0,0,3955
2026-09-21 00:38:32,0,0,3954
2026-09-21 00:38:53,0,0,3953
2026-09-21 00:39:13,0,0,3952
2026-09-21 00:39:33,0,0,3951
2026-09-21 00:39:54,0,0,3950
2026-09-21 00:40:14,0,0,3949
2026-09-21 00:40:35,0,0,3948
2026-09-21 00:40:55,0,0,3947
2026-09-21 00:41:16,0,0,3946
2026-09-21 00:41:36,0,0,3945
2026-09-21 00:41:56,0,0,3944
2026-09-21 00:42:17,0,0,3943
2026-09-21 00:42:37,0,0,3942
2026-09-21 00:42:57,0,0,3941
2026-09-21 00:43:18,0,0,3940
2026-09-21 05:38:33,0,0,3939
2026-09-21 05:38:53,0,0,3938
2026-09-21 05:39:14,0,0,3937
2026-09-21 05:39:34,0,0,3936
2026-09-21 05:39:54,0,0,3935
2026-09-21 05:40:15,0,0,3934
2026-09-21 05:40:35,0,0,3933
2026-09-21 05:40:55,0,0,3932
2026-09-21 05:41:16,0,0,3931
2026-09-21 05:41:36,0,0,3930
2026-09-21 05:41:57,0,0,3929
2026-09-21 05:42:17,0,0,3928
2026-09-21 05:42:37,0,0,3927
2026-09-21 05:42:58,0,0,3926
2026-09-21 05:43:18,0,0,3925
2026-09-21 11:24:01,0,0,3924
2026-09-21 11:24:21,0,0,3923
2026-09-21 11:24:42,0,0,3922
2026-09-21 11:25:03,0,0,3921
2026-09-21 11:25:24,0,0,3920
2026-09-21 11:25:45,0,0,3919
2026-09-21 11:26:05,0,0,3918
2026-09-21 11:26:26,0,0,3917
2026-09-21 11:26:47,1,1,3916
2026-09-21 11:27:07,0,0,3915
2026-09-21 11:27:28,0,0,3914
2026-09-21 11:27:49,0,0,3913
2026-09-21 11:28:09,0,0,3912
2026-09-21 11:28:31,0,0,3911
2026-09-21 11:28:51,0,0,3910
2026-09-21 17:23:38,0,0,3999
2026-09-21 17:23:59,0,0,3998
2026-09-21 17:24:19,1,1,3997
2026-09-21 17:24:40,0,0,3996
2026-09-21 17:25:01,0,0,3995
2026-09-21 17:25:21,0,0,3994
2026-09-21 17:25:42,1,1,3993
2026-09-21 17:26:02,1,1,3992
2026-09-21 17:26:23,0,0,3991
2026-09-21 17:26:43,0,0,3990
2026-09-21 17:27:04,1,1,3989
2026-09-21 17:27:25,0,0,3988
2026-09-21 17:27:45,0,0,3987
2026-09-21 17:28:06,0,0,3986
2026-09-21 17:28:26,1,1,3985
2026-09-21 21:22:54,0,0,3984
2026-09-21 21:23:14,0,0,3983
2026-09-21 21:23:35,0,0,3982
2026-09-21 21:23:55,0,0,3981
2026-09-21 21:24:16,0,0,3980
2026-09-21 21:24:36,0,0,3979
2026-09-21 21:24:56,0,0,3978
2026-09-21 21:25:17,0,0,3977
2026-09-21 21:25:37,0,0,3976
2026-09-21 21:25:58,0,0,3975
2026-09-21 21:26:18,0,0,3974
2026-09-21 21:26:39,0,0,3973
2026-09-21 21:26:59,0,0,3972
2026-09-21 21:27:20,0,0,3971
2026-09-21 21:27:40,0,0,3970
2026-09-22 00:22:55,0,0,3969
2026-09-22 00:23:15,0,0,3968
2026-09-22 00:23:36,0,0,3967
2026-09-22 00:23:56,0,0,3966
2026-09-22 00:24:17,0,0,3965
2026-09-22 00:24:37,0,0,3964
2026-09-22 00:24:58,0,0,3963
2026-09-22 00:25:18,0,0,3962
2026-09-22 00:25:39,0,0,3961
2026-09-22 00:25:59,0,0,3960
2026-09-22 00:26:20,0,0,3959
2026-09-22 00:26:40,0,0,3958
2026-09-22 00:27:01,0,0,3957
2026-09-22 00:27:21,0,0,3956
2026-09-22 00:27:42,0,0,3955
2026-09-22 05:35:49,0,0,3954
2026-09-22 05:36:10,0,0,3953
2026-09-22 05:36:30,0,0,3952
2026-09-22 05:36:51,0,0,3951
2026-09-22 05:37:11,0,0,3950
2026-09-22 05:37:32,0,0,3949
2026-09-22 05:37:53,0,0,3948
2026-09-22 05:38:13,0,0,3947
2026-09-22 05:38:34,0,0,3946
2026-09-22 05:38:55,0,0,3945
2026-09-22 05:39:15,0,0,3944
2026-09-22 05:39:36,0,0,3943
2026-09-22 05:39:56,0,0,3942
2026-09-22 05:40:17,0,0,3941
2026-09-22 05:40:38,0,0,3940
2026-09-22 10:33:10,0,0,3939
2026-09-22 10:33:30,0,0,3938
2026-09-22 10:33:51,0,0,3937
2026-09-22 10:34:11,0,0,3936
2026-09-22 10:34:31,0,0,3935
2026-09-22 10:34:52,0,0,3934
2026-09-22 10:35:12,0,0,3933
2026-09-22 10:35:33,0,0,3932
2026-09-22 10:35:53,0,0,3931
2026-09-22 10:36:14,0,0,3930
2026-09-22 10:36:34,0,0,3929
2026-09-22 10:36:54,0,0,3928
2026-09-22 10:37:15,0,0,3927
2026-09-22 10:37:35,0,0,3926
2026-09-22 10:37:56,0,0,3925
2026-09-22 15:14:57,1,1,3999
2026-09-22 15:15:17,0,0,3998
2026-09-22 15:15:38,0,0,3997
2026-09-22 15:15:58,0,0,3996
2026-09-22 15:16:19,1,1,3995
2026-09-22 15:16:39,1,1,3994
2026-09-22 15:17:00,0,0,3993
2026-09-22 15:17:20,0,0,3992
2026-09-22 15:17:41,0,0,3991
2026-09-22 15:18:01,1,1,3990
2026-09-22 15:18:22,0,0,3989
2026-09-22 15:18:42,0,0,3988
2026-09-22 15:19:03,0,0,3987
2026-09-22 15:19:23,1,1,3986
2026-09-22 15:19:44,1,1,3985
2026-09-22 19:22:24,0,0,3984
2026-09-22 19:22:45,0,0,3983
2026-09-22 19:23:05,0,0,3982
2026-09-22 19:23:25,0,0,3981
2026-09-22 19:23:46,0,0,3980
2026-09-22 19:24:06,0,0,3979
2026-09-22 19:24:27,0,0,3978
2026-09-22 19:24:47,0,0,3977
2026-09-22 19:25:07,0,0,3976
2026-09-22 19:25:28,0,0,3975
2026-09-22 19:25:48,1,1,3974
2026-09-22 19:26:08,0,0,3973
2026-09-22 19:26:29,0,0,3972
2026-09-22 19:26:49,0,0,3971
2026-09-22 19:27:10,0,0,3970
2026-09-22 22:30:33,0,0,3969
2026-09-22 22:30:54,0,0,3968
2026-09-22 22:31:14,0,0,3967
2026-09-22 22:31:34,0,0,3966
2026-09-22 22:31:55,0,0,3965
2026-09-22 22:32:16,0,0,3964
2026-09-22 22:32:37,0,0,3963
2026-09-22 22:32:57,0,0,3962
2026-09-22 22:33:17,0,0,3961
2026-09-22 22:33:38,0,0,3960
2026-09-22 22:33:58,0,0,3959
2026-09-22 22:34:19,0,0,3958
2026-09-22 22:34:39,0,0,3957
2026-09-22 22:34:59,0,0,3956
2026-09-22 22:35:20,0,0,3955
2026-09-23 01:02:28,0,0,3954
2026-09-23 01:02:48,0,0,3953
2026-09-23 01:03:09,0,0,3952
2026-09-23 01:03:29,0,0,3951
2026-09-23 01:03:50,0,0,3950
2026-09-23 01:04:10,0,0,3949
2026-09-23 01:04:30,0,0,3948
2026-09-23 01:04:51,0,0,3947
2026-09-23 01:05:11,0,0,3946
2026-09-23 01:05:32,0,0,3945
2026-09-23 01:05:52,0,0,3944
2026-09-23 01:06:13,0,0,3943
2026-09-23 01:06:33,0,0,3942
2026-09-23 01:06:54,0,0,3941
2026-09-23 01:07:14,0,0,3940
2026-09-23 06:57:04,0,0,3939
2026-09-23 06:57:24,0,0,3938
2026-09-23 06:57:45,1,1,3937
2026-09-23 06:58:05,1,1,3936
2026-09-23 06:58:26,0,0,3935
2026-09-23 06:58:46,0,0,3934
2026-09-23 06:59:07,0,0,3933
2026-09-23 06:59:27,0,0,3932
2026-09-23 06:59:48,0,0,3931
2026-09-23 07:00:08,0,0,3930
2026-09-23 07:00:29,1,1,3929
2026-09-23 07:00:49,0,0,3928
2026-09-23 07:01:09,0,0,3927
2026-09-23 07:01:30,0,0,3926
2026-09-23 07:01:50,0,0,3925
2026-09-23 12:30:51,0,0,3924
2026-09-23 12:31:12,0,0,3923
2026-09-23 12:31:32,0,0,3922
2026-09-23 12:31:53,0,0,3921
2026-09-23 12:32:13,0,0,3920
2026-09-23 12:32:33,0,0,3919
2026-09-23 12:32:54,0,0,3918
2026-09-23 12:33:14,0,0,3917
2026-09-23 12:33:35,0,0,3916
2026-09-23 12:33:55,0,0,3915
2026-09-23 12:34:15,0,0,3914
2026-09-23 12:34:36,0,0,3913
2026-09-23 12:34:56,0,0,3912
2026-09-23 12:35:16,0,0,3911
2026-09-23 12:35:37,0,0,3910
2026-09-23 17:33:52,0,0,3999
2026-09-23 17:34:13,0,0,3998
2026-09-23 17:34:33,0,0,3997
2026-09-23 17:34:54,0,0,3996
2026-09-23 17:35:14,1,1,3995
2026-09-23 17:35:35,0,0,3994
2026-09-23 17:35:56,0,0,3993
2026-09-23 17:36:16,0,0,3992
2026-09-23 17:36:37,1,1,3991
2026-09-23 17:36:57,1,1,3990
2026-09-23 17:37:18,0,0,3989
2026-09-23 17:37:38,0,0,3988
2026-09-23 17:37:59,0,0,3987
2026-09-23 17:38:20,1,1,3986
2026-09-23 17:38:40,1,1,3985
2026-09-23 20:49:42,0,0,3984
2026-09-23 20:50:03,0,0,3983
2026-09-23 20:50:23,0,0,3982
2026-09-23 20:50:44,0,0,3981
2026-09-23 20:51:04,0,0,3980
2026-09-23 20:51:25,0,0,3979
2026-09-23 20:51:45,0,0,3978
2026-09-23 20:52:06,0,0,3977
2026-09-23 20:52:27,0,0,3976
2026-09-23 20:52:47,0,0,3975
2026-09-23 20:53:08,0,0,3974
2026-09-23 20:53:28,0,0,3973
2026-09-23 20:53:49,0,0,3972
2026-09-23 20:54:09,0,0,3971
2026-09-23 20:54:30,0,0,3970
2026-09-23 23:19:07,0,0,3969
2026-09-23 23:19:28,0,0,3968
2026-09-23 23:19:48,0,0,3967
2026-09-23 23:20:08,0,0,3966
2026-09-23 23:20:29,0,0,3965
2026-09-23 23:20:49,0,0,3964
2026-09-23 23:21:10,0,0,3963
2026-09-23 23:21:30,0,0,3962
2026-09-23 23:21:51,0,0,3961
2026-09-23 23:22:11,0,0,3960
2026-09-23 23:22:31,0,0,3959
2026-09-23 23:22:52,0,0,3958
2026-09-23 23:23:12,0,0,3957
2026-09-23 23:23:32,0,0,3956
2026-09-23 23:23:53,0,0,3955
2026-09-24 02:09:41,0,0,3954
2026-09-24 02:10:01,0,0,3953
2026-09-24 02:10:22,0,0,3952
2026-09-24 02:10:42,0,0,3951
2026-09-24 02:11:03,0,0,3950
2026-09-24 02:11:23,0,0,3949
2026-09-24 02:11:44,0,0,3948
2026-09-24 02:12:04,0,0,3947
2026-09-24 02:12:25,0,0,3946
2026-09-24 02:12:45,0,0,3945
2026-09-24 02:13:06,0,0,3944
2026-09-24 02:13:26,0,0,3943
2026-09-24 02:13:46,0,0,3942
2026-09-24 02:14:07,0,0,3941
2026-09-24 02:14:28,0,0,3940
2026-09-24 07:56:14,0,0,3939
2026-09-24 07:56:35,1,1,3938
2026-09-24 07:56:55,1,1,3937
2026-09-24 07:57:15,0,0,3936
2026-09-24 07:57:36,0,0,3935
2026-09-24 07:57:56,0,0,3934
2026-09-24 07:58:17,0,0,3933
2026-09-24 07:58:37,0,0,3932
2026-09-24 07:58:57,0,0,3931
2026-09-24 07:59:18,1,1,3930
2026-09-24 07:59:39,1,1,3929
2026-09-24 07:59:59,0,0,3928
2026-09-24 08:00:19,0,0,3927
2026-09-24 08:00:40,0,0,3926
2026-09-24 08:01:00,0,0,3925
2026-09-24 13:03:51,0,0,3924
2026-09-24 13:04:11,0,0,3923
2026-09-24 13:04:31,0,0,3922
2026-09-24 13:04:52,0,0,3921
2026-09-24 13:05:12,0,0,3920
2026-09-24 13:05:33,0,0,3919
2026-09-24 13:05:53,0,0,3918
2026-09-24 13:06:13,0,0,3917
2026-09-24 13:06:34,0,0,3916
2026-09-24 13:06:54,0,0,3915
2026-09-24 13:07:15,0,0,3914
2026-09-24 13:07:35,0,0,3913
2026-09-24 13:07:56,0,0,3912
2026-09-24 13:08:16,0,0,3911
2026-09-24 13:08:37,0,0,3910
2026-09-24 18:03:06,1,1,3999
2026-09-24 18:03:26,1,1,3998
2026-09-24 18:03:47,0,0,3997
2026-09-24 18:04:08,0,0,3996
2026-09-24 18:04:28,0,0,3995
2026-09-24 18:04:49,0,0,3994
2026-09-24 18:05:10,0,0,3993
2026-09-24 18:05:30,0,0,3992
2026-09-24 18:05:51,0,0,3991
2026-09-24 18:06:11,0,0,3990
2026-09-24 18:06:32,0,0,3989
2026-09-24 18:06:52,0,0,3988
2026-09-24 18:07:13,0,0,3987
2026-09-24 18:07:33,0,0,3986
2026-09-24 18:07:54,0,0,3985
2026-09-24 21:53:06,0,0,3984
2026-09-24 21:53:26,0,0,3983
2026-09-24 21:53:47,0,0,3982
2026-09-24 21:54:07,0,0,3981
2026-09-24 21:54:28,0,0,3980
2026-09-24 21:54:48,0,0,3979
2026-09-24 21:55:09,0,0,3978
2026-09-24 21:55:29,0,0,3977
2026-09-24 21:55:50,0,0,3976
2026-09-24 21:56:10,0,0,3975
2026-09-24 21:56:31,0,0,3974
2026-09-24 21:56:52,0,0,3973
2026-09-24 21:57:12,0,0,3972
2026-09-24 21:57:33,0,0,3971
2026-09-24 21:57:53,0,0,3970
2026-09-25 00:08:06,0,0,3969
2026-09-25 00:08:26,0,0,3968
2026-09-25 00:08:47,0,0,3967
2026-09-25 00:09:07,0,0,3966
2026-09-25 00:09:28,0,0,3965
2026-09-25 00:09:49,0,0,3964
2026-09-25 00:10:09,0,0,3963
2026-09-25 00:10:30,0,0,3962
2026-09-25 00:10:51,0,0,3961
2026-09-25 00:11:12,0,0,3960
2026-09-25 00:11:32,0,0,3959
2026-09-25 00:11:53,0,0,3958
2026-09-25 00:12:13,0,0,3957
2026-09-25 00:12:34,0,0,3956
2026-09-25 00:12:55,0,0,3955
2026-09-25 05:35:07,0,0,3954
2026-09-25 05:35:28,0,0,3953
2026-09-25 05:35:48,0,0,3952
2026-09-25 05:36:09,0,0,3951
2026-09-25 05:36:30,0,0,3950
2026-09-25 05:36:50,0,0,3949
2026-09-25 05:37:11,0,0,3948
2026-09-25 05:37:31,0,0,3947
2026-09-25 05:37:52,0,0,3946
2026-09-25 05:38:12,0,0,3945
2026-09-25 05:38:33,0,0,3944
2026-09-25 05:38:54,0,0,3943
2026-09-25 05:39:14,0,0,3942
2026-09-25 05:39:35,0,0,3941
2026-09-25 05:39:55,0,0,3940
2026-09-25 10:47:31,1,1,3939
2026-09-25 10:47:52,0,0,3938
2026-09-25 10:48:12,0,0,3937
2026-09-25 10:48:33,0,0,3936
2026-09-25 10:48:53,0,0,3935
2026-09-25 10:49:14,0,0,3934
2026-09-25 10:49:34,0,0,3933
2026-09-25 10:49:55,0,0,3932
2026-09-25 10:50:15,1,1,3931
2026-09-25 10:50:36,0,0,3930
2026-09-25 10:50:56,0,0,3929
2026-09-25 10:51:17,0,0,3928
2026-09-25 10:51:37,0,0,3927
2026-09-25 10:51:58,0,0,3926
2026-09-25 10:52:18,0,0,3925
2026-09-25 15:39:28,1,1,3999
2026-09-25 15:39:49,0,0,3998
2026-09-25 15:40:09,0,0,3997
2026-09-25 15:40:30,0,0,3996
2026-09-25 15:40:50,1,1,3995
2026-09-25 15:41:11,0,0,3994
2026-09-25 15:41:31,0,0,3993
2026-09-25 15:41:52,0,0,3992
2026-09-25 15:42:12,0,0,3991
2026-09-25 15:42:33,0,0,3990
2026-09-25 15:42:53,1,1,3989
2026-09-25 15:43:13,0,0,3988
2026-09-25 15:43:34,0,0,3987
2026-09-25 15:43:54,0,0,3986
2026-09-25 15:44:15,0,0,3985
2026-09-25 19:41:10,0,0,3984
2026-09-25 19:41:30,0,0,3983
2026-09-25 19:41:51,0,0,3982
2026-09-25 19:42:11,0,0,3981
2026-09-25 19:42:32,0,0,3980
2026-09-25 19:42:52,0,0,3979
2026-09-25 19:43:13,0,0,3978
2026-09-25 19:43:33,0,0,3977
2026-09-25 19:43:54,0,0,3976
2026-09-25 19:44:14,0,0,3975
2026-09-25 19:44:35,0,0,3974
2026-09-25 19:44:55,0,0,3973
2026-09-25 19:45:16,0,0,3972
2026-09-25 19:45:36,0,0,3971
2026-09-25 19:45:57,0,0,3970
2026-09-25 22:56:41,0,0,3969
2026-09-25 22:57:01,0,0,3968
2026-09-25 22:57:22,0,0,3967
2026-09-25 22:57:42,0,0,3966
2026-09-25 22:58:03,0,0,3965
2026-09-25 22:58:23,0,0,3964
2026-09-25 22:58:44,0,0,3963
2026-09-25 22:59:04,0,0,3962
2026-09-25 22:59:25,0,0,3961
2026-09-25 22:59:45,0,0,3960
2026-09-25 23:00:05,0,0,3959
2026-09-25 23:00:26,0,0,3958
2026-09-25 23:00:46,0,0,3957
2026-09-25 23:01:07,0,0,3956
2026-09-25 23:01:28,0,0,3955
2026-09-26 01:06:40,0,0,3954
2026-09-26 01:07:01,0,0,3953
2026-09-26 01:07:21,0,0,3952
2026-09-26 01:07:41,0,0,3951
2026-09-26 01:08:02,0,0,3950
2026-09-26 01:08:22,0,0,3949
2026-09-26 01:08:42,0,0,3948
2026-09-26 01:09:03,0,0,3947
2026-09-26 01:09:23,0,0,3946
2026-09-26 01:09:44,0,0,3945
2026-09-26 01:10:04,0,0,3944
2026-09-26 01:10:25,0,0,3943
2026-09-26 01:10:45,0,0,3942
2026-09-26 01:11:06,0,0,3941
2026-09-26 01:11:26,0,0,3940
2026-09-26 06:49:59,0,0,3939
2026-09-26 06:50:20,0,0,3938
2026-09-26 06:50:40,0,0,3937
2026-09-26 06:51:01,0,0,3936
2026-09-26 06:51:21,0,0,3935
2026-09-26 06:51:41,0,0,3934
2026-09-26 06:52:02,0,0,3933
2026-09-26 06:52:22,1,1,3932
2026-09-26 06:52:43,1,1,3931
2026-09-26 06:53:03,0,0,3930
2026-09-26 06:53:24,0,0,3929
2026-09-26 06:53:44,0,0,3928
2026-09-26 06:54:04,1,1,3927
2026-09-26 06:54:25,0,0,3926
2026-09-26 06:54:45,0,0,3925
2026-09-26 11:56:31,0,0,3924
2026-09-26 11:56:52,0,0,3923
2026-09-26 11:57:12,0,0,3922
2026-09-26 11:57:33,0,0,3921
2026-09-26 11:57:53,0,0,3920
2026-09-26 11:58:14,0,0,3919
2026-09-26 11:58:34,0,0,3918
2026-09-26 11:58:54,0,0,3917
2026-09-26 11:59:15,1,1,3916
2026-09-26 11:59:35,1,1,3915
2026-09-26 11:59:56,0,0,3914
2026-09-26 12:00:16,0,0,3913
2026-09-26 12:00:37,0,0,3912
2026-09-26 12:00:57,0,0,3911
2026-09-26 12:01:18,0,0,3910
2026-09-26 15:30:54,0,0,3999
2026-09-26 15:31:14,0,0,3998
2026-09-26 15:31:35,0,0,3997
2026-09-26 15:31:55,0,0,3996
2026-09-26 15:32:16,0,0,3995
2026-09-26 15:32:36,1,1,3994
2026-09-26 15:32:57,0,0,3993
2026-09-26 15:33:17,0,0,3992
2026-09-26 15:33:38,0,0,3991
2026-09-26 15:33:59,0,0,3990
2026-09-26 15:34:19,0,0,3989
2026-09-26 15:34:40,0,0,3988
2026-09-26 15:35:00,0,0,3987
2026-09-26 15:35:21,1,1,3986
2026-09-26 15:35:41,1,1,3985
2026-09-26 18:50:00,0,0,3984
2026-09-26 18:50:21,0,0,3983
2026-09-26 18:50:41,0,0,3982
2026-09-26 18:51:02,0,0,3981
2026-09-26 18:51:22,0,0,3980
2026-09-26 18:51:43,0,0,3979
2026-09-26 18:52:03,0,0,3978
2026-09-26 18:52:24,0,0,3977
2026-09-26 18:52:44,0,0,3976
2026-09-26 18:53:05,1,1,3975
2026-09-26 18:53:25,1,1,3974
2026-09-26 18:53:46,0,0,3973
2026-09-26 18:54:06,0,0,3972
2026-09-26 18:54:27,0,0,3971
2026-09-26 18:54:47,0,0,3970
2026-09-26 21:42:24,0,0,3969
2026-09-26 21:42:44,0,0,3968
2026-09-26 21:43:05,0,0,3967
2026-09-26 21:43:25,0,0,3966
2026-09-26 21:43:45,0,0,3965
2026-09-26 21:44:06,1,1,3964
2026-09-26 21:44:26,1,1,3963
2026-09-26 21:44:47,0,0,3962
2026-09-26 21:45:07,0,0,3961
2026-09-26 21:45:27,0,0,3960
2026-09-26 21:45:48,0,0,3959
2026-09-26 21:46:08,0,0,3958
2026-09-26 21:46:28,0,0,3957
2026-09-26 21:46:49,0,0,3956
2026-09-26 21:47:09,0,0,3955
2026-09-27 00:01:33,0,0,3954
2026-09-27 00:01:54,0,0,3953
2026-09-27 00:02:14,0,0,3952
2026-09-27 00:02:35,0,0,3951
2026-09-27 00:02:55,0,0,3950
2026-09-27 00:03:16,0,0,3949
2026-09-27 00:03:36,0,0,3948
2026-09-27 00:03:56,0,0,3947
2026-09-27 00:04:17,0,0,3946
2026-09-27 00:04:37,0,0,3945
2026-09-27 00:04:58,0,0,3944
2026-09-27 00:05:18,0,0,3943
2026-09-27 00:05:39,0,0,3942
2026-09-27 00:05:59,0,0,3941
2026-09-27 00:06:20,0,0,3940
2026-09-27 05:58:31,0,0,3939
2026-09-27 05:58:52,0,0,3938
2026-09-27 05:59:12,0,0,3937
2026-09-27 05:59:32,0,0,3936
2026-09-27 05:59:53,0,0,3935
2026-09-27 06:00:13,0,0,3934
2026-09-27 06:00:34,0,0,3933
2026-09-27 06:00:54,0,0,3932
2026-09-27 06:01:15,0,0,3931
2026-09-27 06:01:35,0,0,3930
2026-09-27 06:01:55,0,0,3929
2026-09-27 06:02:16,0,0,3928
2026-09-27 06:02:37,0,0,3927
2026-09-27 06:02:57,0,0,3926
2026-09-27 06:03:17,0,0,3925
2026-09-27 11:27:44,0,0,3924
2026-09-27 11:28:04,0,0,3923
2026-09-27 11:28:25,0,0,3922
2026-09-27 11:28:45,0,0,3921
2026-09-27 11:29:06,0,0,3920
2026-09-27 11:29:26,0,0,3919
2026-09-27 11:29:47,0,0,3918
2026-09-27 11:30:07,0,0,3917
2026-09-27 11:30:28,0,0,3916
2026-09-27 11:30:48,1,1,3915
2026-09-27 11:31:09,0,0,3914
2026-09-27 11:31:29,0,0,3913
2026-09-27 11:31:50,0,0,3912
2026-09-27 11:32:10,0,0,3911
2026-09-27 11:32:30,0,0,3910
2026-09-27 15:59:28,0,0,3999
2026-09-27 15:59:48,0,0,3998
2026-09-27 16:00:08,0,0,3997
2026-09-27 16:00:29,0,0,3996
2026-09-27 16:00:49,0,0,3995
2026-09-27 16:01:10,1,1,3994
2026-09-27 16:01:30,1,1,3993
2026-09-27 16:01:50,0,0,3992
2026-09-27 16:02:11,0,0,3991
2026-09-27 16:02:31,0,0,3990
2026-09-27 16:02:52,0,0,3989
2026-09-27 16:03:12,0,0,3988
2026-09-27 16:03:32,1,1,3987
2026-09-27 16:03:53,0,0,3986
2026-09-27 16:04:13,0,0,3985
2026-09-27 19:36:12,0,0,3984
2026-09-27 19:36:32,0,0,3983
2026-09-27 19:36:53,0,0,3982
2026-09-27 19:37:13,0,0,3981
2026-09-27 19:37:33,0,0,3980
2026-09-27 19:37:54,0,0,3979
2026-09-27 19:38:14,0,0,3978
2026-09-27 19:38:35,0,0,3977
2026-09-27 19:38:55,0,0,3976
2026-09-27 19:39:16,0,0,3975
2026-09-27 19:39:36,0,0,3974
2026-09-27 19:39:56,0,0,3973
2026-09-27 19:40:17,0,0,3972
2026-09-27 19:40:37,0,0,3971
2026-09-27 19:40:58,0,0,3970
2026-09-27 22:41:00,0,0,3969
2026-09-27 22:41:21,0,0,3968
2026-09-27 22:41:42,0,0,3967
2026-09-27 22:42:02,0,0,3966
2026-09-27 22:42:23,0,0,3965
2026-09-27 22:42:43,0,0,3964
2026-09-27 22:43:04,0,0,3963
2026-09-27 22:43:24,0,0,3962
2026-09-27 22:43:44,0,0,3961
2026-09-27 22:44:05,0,0,3960
2026-09-27 22:44:25,0,0,3959
2026-09-27 22:44:45,0,0,3958
2026-09-27 22:45:06,0,0,3957
2026-09-27 22:45:26,0,0,3956
2026-09-27 22:45:47,0,0,3955
2026-09-28 01:17:40,0,0,3954
2026-09-28 01:18:01,0,0,3953
2026-09-28 01:18:21,0,0,3952
2026-09-28 01:18:42,0,0,3951
2026-09-28 01:19:02,0,0,3950
2026-09-28 01:19:23,0,0,3949
2026-09-28 01:19:44,0,0,3948
2026-09-28 01:20:04,0,0,3947
2026-09-28 01:20:25,0,0,3946
2026-09-28 01:20:46,0,0,3945
2026-09-28 01:21:06,0,0,3944
2026-09-28 01:21:27,0,0,3943
2026-09-28 01:21:48,0,0,3942
2026-09-28 01:22:08,0,0,3941
2026-09-28 01:22:29,0,0,3940
2026-09-28 07:55:46,1,0,3939
2026-09-28 07:56:06,1,1,3938
2026-09-28 07:56:27,1,1,3937
2026-09-28 07:56:47,0,0,3936
2026-09-28 07:57:07,0,0,3935
2026-09-28 07:57:28,1,0,3934
2026-09-28 07:57:49,0,0,3933
2026-09-28 07:58:09,0,0,3932
2026-09-28 07:58:30,0,0,3931
2026-09-28 07:58:50,0,0,3930
2026-09-28 07:59:11,1,0,3929
2026-09-28 07:59:31,0,0,3928
2026-09-28 07:59:52,0,0,3927
2026-09-28 08:00:13,0,0,3926
2026-09-28 08:00:33,0,0,3925
2026-09-28 16:17:11,0,0,3999
2026-09-28 16:17:31,0,0,3998
2026-09-28 16:17:52,0,0,3997
2026-09-28 16:18:13,0,0,3996
2026-09-28 16:18:33,0,0,3995
2026-09-28 16:18:53,0,0,3994
2026-09-28 16:19:14,0,0,3993
2026-09-28 16:19:35,0,0,3992
2026-09-28 16:19:55,0,0,3991
2026-09-28 16:20:16,0,0,3990
2026-09-28 16:20:36,0,0,3989
2026-09-28 16:20:57,0,0,3988
2026-09-28 16:21:17,0,0,3987
2026-09-28 16:21:38,0,0,3986
2026-09-28 16:21:58,0,0,3985
2026-09-28 22:20:17,0,0,3984
2026-09-28 22:20:38,0,0,3983
2026-09-28 22:20:58,0,0,3982
2026-09-28 22:21:19,0,0,3981
2026-09-28 22:21:39,0,0,3980
2026-09-28 22:22:00,0,0,3979
2026-09-28 22:22:20,0,0,3978
2026-09-28 22:22:41,0,0,3977
2026-09-28 22:23:02,0,0,3976
2026-09-28 22:23:22,0,0,3975
2026-09-28 22:23:43,0,0,3974
2026-09-28 22:24:03,0,0,3973
2026-09-28 22:24:24,0,0,3972
2026-09-28 22:24:44,0,0,3971
2026-09-28 22:25:05,0,0,3970
2026-09-29 02:23:40,0,0,3969
2026-09-29 02:24:00,0,0,3968
2026-09-29 02:24:20,0,0,3967
2026-09-29 02:24:41,0,0,3966
2026-09-29 02:25:01,0,0,3965
2026-09-29 02:25:22,0,0,3964
2026-09-29 02:25:42,0,0,3963
2026-09-29 02:26:03,0,0,3962
2026-09-29 02:26:23,0,0,3961
2026-09-29 02:26:44,0,0,3960
2026-09-29 02:27:04,0,0,3959
2026-09-29 02:27:25,0,0,3958
2026-09-29 02:27:45,0,0,3957
2026-09-29 02:28:06,0,0,3956
2026-09-29 02:28:26,0,0,3955
2026-09-29 09:15:12,0,0,3954
2026-09-29 09:15:32,0,0,3953
2026-09-29 09:15:53,0,0,3952
2026-09-29 09:16:13,0,0,3951
2026-09-29 09:16:33,0,0,3950
2026-09-29 09:16:54,0,0,3949
2026-09-29 09:17:14,0,0,3948
2026-09-29 09:17:34,0,0,3947
2026-09-29 09:17:55,0,0,3946
2026-09-29 09:18:15,0,0,3945
2026-09-29 09:18:36,0,0,3944
2026-09-29 09:18:56,0,0,3943
2026-09-29 09:19:17,0,0,3942
2026-09-29 09:19:37,0,0,3941
2026-09-29 09:19:58,0,0,3940
2026-09-29 16:13:35,0,0,3999
2026-09-29 16:13:55,0,0,3998
2026-09-29 16:14:15,0,0,3997
2026-09-29 16:14:36,0,0,3996
2026-09-29 16:14:56,0,0,3995
2026-09-29 16:15:16,0,0,3994
2026-09-29 16:15:37,0,0,3993
2026-09-29 16:15:57,0,0,3992
2026-09-29 16:16:18,0,0,3991
2026-09-29 16:16:38,0,0,3990
2026-09-29 16:16:59,0,0,3989
2026-09-29 16:17:19,0,0,3988
2026-09-29 16:17:39,0,0,3987
2026-09-29 16:18:00,0,0,3986
2026-09-29 16:18:20,0,0,3985
2026-09-29 21:09:01,0,0,3984
2026-09-29 21:09:22,0,0,3983
2026-09-29 21:09:43,0,0,3982
2026-09-29 21:10:03,0,0,3981
2026-09-29 21:10:24,0,0,3980
2026-09-29 21:10:44,0,0,3979
2026-09-29 21:11:05,0,0,3978
2026-09-29 21:11:25,0,0,3977
2026-09-29 21:11:46,0,0,3976
2026-09-29 21:12:06,0,0,3975
2026-09-29 21:12:27,0,0,3974
2026-09-29 21:12:47,0,0,3973
2026-09-29 21:13:08,0,0,3972
2026-09-29 21:13:28,0,0,3971
2026-09-29 21:13:49,0,0,3970
2026-09-30 00:52:30,0,0,3969
2026-09-30 00:52:50,0,0,3968
2026-09-30 00:53:11,0,0,3967
2026-09-30 00:53:31,0,0,3966
2026-09-30 00:53:51,0,0,3965
2026-09-30 00:54:12,0,0,3964
2026-09-30 00:54:32,0,0,3963
2026-09-30 00:54:52,0,0,3962
2026-09-30 00:55:13,0,0,3961
2026-09-30 00:55:33,0,0,3960
2026-09-30 00:55:53,0,0,3959
2026-09-30 00:56:14,0,0,3958
2026-09-30 00:56:34,0,0,3957
2026-09-30 00:56:55,0,0,3956
2026-09-30 00:57:15,0,0,3955
2026-09-30 06:08:50,0,0,3954
2026-09-30 06:09:10,0,0,3953
2026-09-30 06:09:31,0,0,3952
2026-09-30 06:09:51,0,0,3951
2026-09-30 06:10:11,1,1,3950
2026-09-30 06:10:32,1,1,3949
2026-09-30 06:10:52,0,0,3948
2026-09-30 06:11:13,0,0,3947
2026-09-30 06:11:33,0,0,3946
2026-09-30 06:11:54,0,0,3945
2026-09-30 06:12:14,0,0,3944
2026-09-30 06:12:34,1,0,3943
2026-09-30 06:12:55,0,0,3942
2026-09-30 06:13:15,0,0,3941
2026-09-30 06:13:36,0,0,3940
2026-09-30 13:09:36,0,0,3939
2026-09-30 13:09:57,0,0,3938
2026-09-30 13:10:17,0,0,3937
2026-09-30 13:10:38,1,1,3936
2026-09-30 13:10:58,0,0,3935
2026-09-30 13:11:19,0,0,3934
2026-09-30 13:11:39,0,0,3933
2026-09-30 13:12:00,1,1,3932
2026-09-30 13:12:20,0,0,3931
2026-09-30 13:12:41,0,0,3930
2026-09-30 13:13:01,0,0,3929
2026-09-30 13:13:22,0,0,3928
2026-09-30 13:13:42,0,0,3927
2026-09-30 13:14:03,0,0,3926
2026-09-30 13:14:24,0,0,3925
2026-09-30 18:41:53,0,0,3999
2026-09-30 18:42:14,0,0,3998
2026-09-30 18:42:34,0,0,3997
2026-09-30 18:42:55,0,0,3996
2026-09-30 18:43:15,0,0,3995
2026-09-30 18:43:35,0,0,3994
2026-09-30 18:43:56,0,0,3993
2026-09-30 18:44:16,0,0,3992
2026-09-30 18:44:37,1,1,3991
2026-09-30 18:44:57,0,0,3990
2026-09-30 18:45:18,0,0,3989
2026-09-30 18:45:38,0,0,3988
2026-09-30 18:45:59,1,1,3987
2026-09-30 18:46:19,1,1,3986
2026-09-30 18:46:40,0,0,3985
2026-09-30 22:43:10,0,0,3984
2026-09-30 22:43:30,0,0,3983
2026-09-30 22:43:51,0,0,3982
2026-09-30 22:44:11,0,0,3981
2026-09-30 22:44:32,0,0,3980
2026-09-30 22:44:52,0,0,3979
2026-09-30 22:45:13,0,0,3978
2026-09-30 22:45:34,0,0,3977
2026-09-30 22:45:54,0,0,3976
2026-09-30 22:46:15,0,0,3975
2026-09-30 22:46:35,0,0,3974
2026-09-30 22:46:56,0,0,3973
2026-09-30 22:47:17,0,0,3972
2026-09-30 22:47:37,0,0,3971
2026-09-30 22:47:58,0,0,3970
2026-10-01 01:40:42,0,0,3969
2026-10-01 01:41:02,0,0,3968
2026-10-01 01:41:23,0,0,3967
2026-10-01 01:41:43,0,0,3966
2026-10-01 01:42:03,0,0,3965
2026-10-01 01:42:24,0,0,3964
2026-10-01 01:42:44,0,0,3963
2026-10-01 01:43:04,0,0,3962
2026-10-01 01:43:25,0,0,3961
2026-10-01 01:43:45,0,0,3960
2026-10-01 01:44:06,0,0,3959
2026-10-01 01:44:26,0,0,3958
2026-10-01 01:44:46,0,0,3957
2026-10-01 01:45:07,0,0,3956
2026-10-01 01:45:27,0,0,3955
2026-10-01 07:59:29,0,0,3954
2026-10-01 07:59:50,0,0,3953
2026-10-01 08:00:10,1,1,3952
2026-10-01 08:00:30,0,0,3951
2026-10-01 08:00:51,0,0,3950
2026-10-01 08:01:11,0,0,3949
2026-10-01 08:01:32,1,1,3948
2026-10-01 08:01:52,0,0,3947
2026-10-01 08:02:13,0,0,3946
2026-10-01 08:02:33,0,0,3945
2026-10-01 08:02:54,0,0,3944
2026-10-01 08:03:14,0,0,3943
2026-10-01 08:03:35,0,0,3942
2026-10-01 08:03:55,0,0,3941
2026-10-01 08:04:16,0,0,3940
2026-10-01 15:11:01,0,0,3999
2026-10-01 15:11:22,0,0,3998
2026-10-01 15:11:42,1,1,3997
2026-10-01 15:12:03,0,0,3996
2026-10-01 15:12:24,0,0,3995
2026-10-01 15:12:45,0,0,3994
2026-10-01 15:13:06,0,0,3993
2026-10-01 15:13:26,0,0,3992
2026-10-01 15:13:46,0,0,3991
2026-10-01 15:14:07,0,0,3990
2026-10-01 15:14:27,0,0,3989
2026-10-01 15:14:48,0,0,3988
2026-10-01 15:15:08,0,0,3987
2026-10-01 15:15:29,0,0,3986
2026-10-01 15:15:49,0,0,3985
2026-10-01 20:39:50,0,0,3984
2026-10-01 20:40:10,0,0,3983
2026-10-01 20:40:31,0,0,3982
2026-10-01 20:40:51,0,0,3981
2026-10-01 20:41:12,1,1,3980
2026-10-01 20:41:32,1,1,3979
2026-10-01 20:41:53,0,0,3978
2026-10-01 20:42:13,0,0,3977
2026-10-01 20:42:33,0,0,3976
2026-10-01 20:42:54,1,1,3975
2026-10-01 20:43:14,1,1,3974
2026-10-01 20:43:35,0,0,3973
2026-10-01 20:43:55,0,0,3972
2026-10-01 20:44:15,0,0,3971
2026-10-01 20:44:36,0,0,3970
2026-10-02 00:19:27,0,0,3969
2026-10-02 00:19:48,0,0,3968
2026-10-02 00:20:08,0,0,3967
2026-10-02 00:20:28,0,0,3966
2026-10-02 00:20:49,0,0,3965
2026-10-02 00:21:09,0,0,3964
2026-10-02 00:21:29,0,0,3963
2026-10-02 00:21:50,0,0,3962
2026-10-02 00:22:10,0,0,3961
2026-10-02 00:22:31,0,0,3960
2026-10-02 00:22:51,0,0,3959
2026-10-02 00:23:11,0,0,3958
2026-10-02 00:23:32,0,0,3957
2026-10-02 00:23:52,0,0,3956
2026-10-02 00:24:13,0,0,3955
2026-10-02 06:26:02,1,1,3954
2026-10-02 06:26:23,0,0,3953
2026-10-02 06:26:43,0,0,3952
2026-10-02 06:27:04,0,0,3951
2026-10-02 06:27:24,0,0,3950
2026-10-02 06:27:45,0,0,3949
2026-10-02 06:28:05,0,0,3948
2026-10-02 06:28:25,0,0,3947
2026-10-02 06:28:46,0,0,3946
2026-10-02 06:29:06,0,0,3945
2026-10-02 06:29:27,0,0,3944
2026-10-02 06:29:47,1,1,3943
2026-10-02 06:30:08,1,1,3942
2026-10-02 06:30:28,0,0,3941
2026-10-02 06:30:49,0,0,3940
2026-10-02 13:20:27,0,0,3939
2026-10-02 13:20:48,0,0,3938
2026-10-02 13:21:09,1,1,3937
2026-10-02 13:21:29,0,0,3936
2026-10-02 13:21:50,0,0,3935
2026-10-02 13:22:10,0,0,3934
2026-10-02 13:22:31,0,0,3933
2026-10-02 13:22:52,1,1,3932
2026-10-02 13:23:12,1,1,3931
2026-10-02 13:23:33,0,0,3930
2026-10-02 13:23:53,0,0,3929
2026-10-02 13:24:14,0,0,3928
2026-10-02 13:24:35,0,0,3927
2026-10-02 13:24:56,0,0,3926
2026-10-02 13:25:16,1,1,3925
2026-10-02 18:47:49,0,0,3999
2026-10-02 18:48:09,0,0,3998
2026-10-02 18:48:30,0,0,3997
2026-10-02 18:48:50,0,0,3996
2026-10-02 18:49:11,0,0,3995
2026-10-02 18:49:31,0,0,3994
2026-10-02 18:49:52,0,0,3993
2026-10-02 18:50:12,0,0,3992
2026-10-02 18:50:33,0,0,3991
2026-10-02 18:50:53,0,0,3990
2026-10-02 18:51:14,1,1,3989
2026-10-02 18:51:34,0,0,3988
2026-10-02 18:51:55,0,0,3987
2026-10-02 18:52:15,0,0,3986
2026-10-02 18:52:35,0,0,3985
2026-10-02 22:40:39,0,0,3984
2026-10-02 22:41:00,0,0,3983
2026-10-02 22:41:20,0,0,3982
2026-10-02 22:41:40,0,0,3981
2026-10-02 22:42:01,0,0,3980
2026-10-02 22:42:21,0,0,3979
2026-10-02 22:42:42,0,0,3978
2026-10-02 22:43:02,0,0,3977
2026-10-02 22:43:23,0,0,3976
2026-10-02 22:43:43,0,0,3975
2026-10-02 22:44:04,0,0,3974
2026-10-02 22:44:24,0,0,3973
2026-10-02 22:44:44,0,0,3972
2026-10-02 22:45:05,0,0,3971
2026-10-02 22:45:25,0,0,3970
2026-10-03 01:33:00,0,0,3969
2026-10-03 01:33:20,0,0,3968
2026-10-03 01:33:41,0,0,3967
2026-10-03 01:34:01,0,0,3966
2026-10-03 01:34:21,0,0,3965
2026-10-03 01:34:42,0,0,3964
2026-10-03 01:35:02,0,0,3963
2026-10-03 01:35:23,0,0,3962
2026-10-03 01:35:43,0,0,3961
2026-10-03 01:36:04,0,0,3960
2026-10-03 01:36:24,0,0,3959
2026-10-03 01:36:44,0,0,3958
2026-10-03 01:37:05,0,0,3957
2026-10-03 01:37:25,0,0,3956
2026-10-03 01:37:46,0,0,3955
2026-10-03 07:16:15,0,0,3954
2026-10-03 07:16:36,0,0,3953
2026-10-03 07:16:56,0,0,3952
2026-10-03 07:17:17,0,0,3951
2026-10-03 07:17:37,0,0,3950
2026-10-03 07:17:58,0,0,3949
2026-10-03 07:18:18,0,0,3948
2026-10-03 07:18:39,0,0,3947
2026-10-03 07:18:59,0,0,3946
2026-10-03 07:19:19,0,0,3945
2026-10-03 07:19:40,0,0,3944
2026-10-03 07:20:00,0,0,3943
2026-10-03 07:20:20,0,0,3942
2026-10-03 07:20:41,0,0,3941
2026-10-03 07:21:01,0,0,3940
2026-10-03 12:50:42,1,1,3939
2026-10-03 12:51:03,1,1,3938
2026-10-03 12:51:23,0,0,3937
2026-10-03 12:51:44,0,0,3936
2026-10-03 12:52:04,0,0,3935
2026-10-03 12:52:24,0,0,3934
2026-10-03 12:52:45,0,0,3933
2026-10-03 12:53:05,0,0,3932
2026-10-03 12:53:26,0,0,3931
2026-10-03 12:53:46,0,0,3930
2026-10-03 12:54:06,0,0,3929
2026-10-03 12:54:27,0,0,3928
2026-10-03 12:54:47,0,0,3927
2026-10-03 12:55:08,0,0,3926
2026-10-03 12:55:28,0,0,3925
2026-10-03 16:52:23,0,0,3999
2026-10-03 16:52:43,0,0,3998
2026-10-03 16:53:04,0,0,3997
2026-10-03 16:53:24,0,0,3996
2026-10-03 16:53:45,0,0,3995
2026-10-03 16:54:05,0,0,3994
2026-10-03 16:54:26,0,0,3993
2026-10-03 16:54:46,0,0,3992
2026-10-03 16:55:07,0,0,3991
2026-10-03 16:55:27,0,0,3990
2026-10-03 16:55:48,0,0,3989
2026-10-03 16:56:09,0,0,3988
2026-10-03 16:56:29,0,0,3987
2026-10-03 16:56:50,0,0,3986
2026-10-03 16:57:11,0,0,3985
2026-10-03 19:35:32,0,0,3984
2026-10-03 19:35:52,0,0,3983
2026-10-03 19:36:13,0,0,3982
2026-10-03 19:36:33,0,0,3981
2026-10-03 19:36:54,0,0,3980
2026-10-03 19:37:14,0,0,3979
2026-10-03 19:37:35,0,0,3978
2026-10-03 19:37:55,0,0,3977
2026-10-03 19:38:16,0,0,3976
2026-10-03 19:38:36,0,0,3975
2026-10-03 19:38:57,0,0,3974
2026-10-03 19:39:17,0,0,3973
2026-10-03 19:39:38,0,0,3972
2026-10-03 19:39:58,0,0,3971
2026-10-03 19:40:19,0,0,3970
2026-10-03 22:31:51,0,0,3969
2026-10-03 22:32:11,0,0,3968
2026-10-03 22:32:31,0,0,3967
2026-10-03 22:32:52,0,0,3966
2026-10-03 22:33:12,0,0,3965
2026-10-03 22:33:32,0,0,3964
2026-10-03 22:33:53,0,0,3963
2026-10-03 22:34:13,0,0,3962
2026-10-03 22:34:34,0,0,3961
2026-10-03 22:34:54,0,0,3960
2026-10-03 22:35:14,0,0,3959
2026-10-03 22:35:35,0,0,3958
2026-10-03 22:35:55,0,0,3957
2026-10-03 22:36:15,0,0,3956
2026-10-03 22:36:36,0,0,3955
2026-10-04 02:14:01,0,0,3954
2026-10-04 02:14:22,0,0,3953
2026-10-04 02:14:42,0,0,3952
2026-10-04 02:15:03,0,0,3951
2026-10-04 02:15:24,0,0,3950
2026-10-04 02:15:44,0,0,3949
2026-10-04 02:16:05,0,0,3948
2026-10-04 02:16:25,0,0,3947
2026-10-04 02:16:46,0,0,3946
2026-10-04 02:17:07,0,0,3945
2026-10-04 02:17:27,0,0,3944
2026-10-04 02:17:48,0,0,3943
2026-10-04 02:18:09,0,0,3942
2026-10-04 02:18:29,0,0,3941
2026-10-04 02:18:50,0,0,3940
2026-10-04 08:57:28,0,0,3939
2026-10-04 08:57:48,0,0,3938
2026-10-04 08:58:08,0,0,3937
2026-10-04 08:58:29,1,1,3936
2026-10-04 08:58:49,0,0,3935
2026-10-04 08:59:09,0,0,3934
2026-10-04 08:59:30,0,0,3933
2026-10-04 08:59:50,0,0,3932
2026-10-04 09:00:10,1,1,3931
2026-10-04 09:00:31,1,1,3930
2026-10-04 09:00:51,0,0,3929
2026-10-04 09:01:12,0,0,3928
2026-10-04 09:01:32,0,0,3927
2026-10-04 09:01:52,0,0,3926
2026-10-04 09:02:13,0,0,3925
2026-10-04 14:35:44,1,1,3999
2026-10-04 14:36:04,0,0,3998
2026-10-04 14:36:25,0,0,3997
2026-10-04 14:36:45,0,0,3996
2026-10-04 14:37:06,0,0,3995
2026-10-04 14:37:26,1,1,3994
2026-10-04 14:37:47,1,1,3993
2026-10-04 14:38:07,0,0,3992
2026-10-04 14:38:27,0,0,3991
2026-10-04 14:38:48,0,0,3990
2026-10-04 14:39:08,0,0,3989
2026-10-04 14:39:29,1,1,3988
2026-10-04 14:39:49,0,0,3987
2026-10-04 14:40:10,0,0,3986
2026-10-04 14:40:30,0,0,3985
2026-10-04 18:27:22,1,1,3984
2026-10-04 18:27:42,1,1,3983
2026-10-04 18:28:03,0,0,3982
2026-10-04 18:28:23,0,0,3981
2026-10-04 18:28:44,0,0,3980
2026-10-04 18:29:04,0,0,3979
2026-10-04 18:29:24,0,0,3978
2026-10-04 18:29:45,0,0,3977
2026-10-04 18:30:05,0,0,3976
2026-10-04 18:30:26,0,0,3975
2026-10-04 18:30:46,0,0,3974
2026-10-04 18:31:07,1,1,3973
2026-10-04 18:31:27,1,1,3972
2026-10-04 18:31:48,0,0,3971
2026-10-04 18:32:08,0,0,3970
2026-10-04 22:05:31,0,0,3969
2026-10-04 22:05:52,0,0,3968
2026-10-04 22:06:13,0,0,3967
2026-10-04 22:06:33,0,0,3966
2026-10-04 22:06:54,0,0,3965
2026-10-04 22:07:14,0,0,3964
2026-10-04 22:07:35,0,0,3963
2026-10-04 22:07:55,0,0,3962
2026-10-04 22:08:16,0,0,3961
2026-10-04 22:08:36,0,0,3960
2026-10-04 22:08:57,0,0,3959
2026-10-04 22:09:18,0,0,3958
2026-10-04 22:09:38,0,0,3957
2026-10-04 22:09:59,0,0,3956
2026-10-04 22:10:19,0,0,3955
2026-10-05 01:23:26,0,0,3954
2026-10-05 01:23:46,0,0,3953
2026-10-05 01:24:07,0,0,3952
2026-10-05 01:24:27,0,0,3951
2026-10-05 01:24:47,0,0,3950
2026-10-05 01:25:08,0,0,3949
2026-10-05 01:25:28,0,0,3948
2026-10-05 01:25:49,0,0,3947
2026-10-05 01:26:09,0,0,3946
2026-10-05 01:26:29,0,0,3945
2026-10-05 01:26:50,0,0,3944
2026-10-05 01:27:10,0,0,3943
2026-10-05 01:27:31,0,0,3942
2026-10-05 01:27:51,0,0,3941
2026-10-05 01:28:11,0,0,3940
2026-10-05 07:54:03,1,1,3939
2026-10-05 07:54:23,0,0,3938
2026-10-05 07:54:44,0,0,3937
2026-10-05 07:55:04,0,0,3936
2026-10-05 07:55:25,0,0,3935
2026-10-05 07:55:45,0,0,3934
2026-10-05 07:56:05,0,0,3933
2026-10-05 07:56:26,0,0,3932
2026-10-05 07:56:46,1,1,3931
2026-10-05 07:57:07,0,0,3930
2026-10-05 07:57:27,0,0,3929
2026-10-05 07:57:48,0,0,3928
2026-10-05 07:58:08,0,0,3927
2026-10-05 07:58:28,0,0,3926
2026-10-05 07:58:49,0,0,3925
2026-10-05 16:35:10,0,0,3999
2026-10-05 16:35:31,1,1,3998
2026-10-05 16:35:51,0,0,3997
2026-10-05 16:36:11,0,0,3996
2026-10-05 16:36:32,0,0,3995
2026-10-05 16:36:53,0,0,3994
2026-10-05 16:37:13,0,0,3993
2026-10-05 16:37:34,0,0,3992
2026-10-05 16:37:54,0,0,3991
2026-10-05 16:38:15,0,0,3990
2026-10-05 16:38:36,0,0,3989
2026-10-05 16:38:56,0,0,3988
2026-10-05 16:39:17,1,1,3987
2026-10-05 16:39:37,1,1,3986
2026-10-05 16:39:58,0,0,3985
2026-10-05 22:59:34,0,0,3984
2026-10-05 22:59:54,0,0,3983
2026-10-05 23:00:14,0,0,3982
2026-10-05 23:00:35,0,0,3981
2026-10-05 23:00:55,0,0,3980
2026-10-05 23:01:16,0,0,3979
2026-10-05 23:01:36,0,0,3978
2026-10-05 23:01:57,0,0,3977
2026-10-05 23:02:17,0,0,3976
2026-10-05 23:02:37,0,0,3975
2026-10-05 23:02:58,0,0,3974
2026-10-05 23:03:18,0,0,3973
2026-10-05 23:03:39,0,0,3972
2026-10-05 23:03:59,0,0,3971
2026-10-05 23:04:20,0,0,3970
2026-10-06 02:44:20,0,0,3969
2026-10-06 02:44:41,0,0,3968
2026-10-06 02:45:01,0,0,3967
2026-10-06 02:45:21,0,0,3966
2026-10-06 02:45:42,0,0,3965
2026-10-06 02:46:02,0,0,3964
2026-10-06 02:46:22,0,0,3963
2026-10-06 02:46:43,0,0,3962
2026-10-06 02:47:03,0,0,3961
2026-10-06 02:47:24,0,0,3960
2026-10-06 02:47:44,0,0,3959
2026-10-06 02:48:04,0,0,3958
2026-10-06 02:48:25,0,0,3957
2026-10-06 02:48:45,0,0,3956
2026-10-06 02:49:06,0,0,3955
2026-10-06 09:35:16,1,1,3954
2026-10-06 09:35:36,0,0,3953
2026-10-06 09:35:57,0,0,3952
2026-10-06 09:36:17,0,0,3951
2026-10-06 09:36:38,0,0,3950
2026-10-06 09:36:58,0,0,3949
2026-10-06 09:37:19,0,0,3948
2026-10-06 09:37:40,0,0,3947
2026-10-06 09:38:00,0,0,3946
2026-10-06 09:38:21,0,0,3945
2026-10-06 09:38:42,0,0,3944
2026-10-06 09:39:02,0,0,3943
2026-10-06 09:39:23,0,0,3942
2026-10-06 09:39:43,0,0,3941
2026-10-06 09:40:04,1,1,3940
2026-10-06 16:22:38,0,0,3999
2026-10-06 16:22:59,0,0,3998
2026-10-06 16:23:19,0,0,3997
2026-10-06 16:23:39,1,1,3996
2026-10-06 16:24:00,1,1,3995
2026-10-06 16:24:21,0,0,3994
2026-10-06 16:24:41,0,0,3993
2026-10-06 16:25:01,0,0,3992
2026-10-06 16:25:22,0,0,3991
2026-10-06 16:25:42,0,0,3990
2026-10-06 16:26:02,0,0,3989
2026-10-06 16:26:23,0,0,3988
2026-10-06 16:26:43,0,0,3987
2026-10-06 16:27:04,0,0,3986
2026-10-06 16:27:24,0,0,3985
2026-10-06 21:22:27,0,0,3984
2026-10-06 21:22:48,0,0,3983
2026-10-06 21:23:08,0,0,3982
2026-10-06 21:23:29,0,0,3981
2026-10-06 21:23:49,0,0,3980
2026-10-06 21:24:09,0,0,3979
2026-10-06 21:24:30,0,0,3978
2026-10-06 21:24:50,0,0,3977
2026-10-06 21:25:11,0,0,3976
2026-10-06 21:25:31,0,0,3975
2026-10-06 21:25:52,1,1,3974
2026-10-06 21:26:12,0,0,3973
2026-10-06 21:26:33,0,0,3972
2026-10-06 21:26:53,0,0,3971
2026-10-06 21:27:13,0,0,3970
2026-10-07 01:07:06,0,0,3969
2026-10-07 01:07:27,0,0,3968
2026-10-07 01:07:47,0,0,3967
2026-10-07 01:08:08,0,0,3966
2026-10-07 01:08:29,0,0,3965
2026-10-07 01:08:49,0,0,3964
2026-10-07 01:09:10,0,0,3963
2026-10-07 01:09:31,0,0,3962
2026-10-07 01:09:51,0,0,3961
2026-10-07 01:10:12,0,0,3960
2026-10-07 01:10:32,0,0,3959
2026-10-07 01:10:53,0,0,3958
2026-10-07 01:11:13,0,0,3957
2026-10-07 01:11:34,0,0,3956
2026-10-07 01:11:54,0,0,3955
2026-10-07 07:53:48,0,0,3954
2026-10-07 07:54:09,0,0,3953
2026-10-07 07:54:30,0,0,3952
2026-10-07 07:54:50,0,0,3951
2026-10-07 07:55:11,1,1,3950
2026-10-07 07:55:31,1,1,3949
2026-10-07 07:55:52,0,0,3948
2026-10-07 07:56:12,0,0,3947
2026-10-07 07:56:33,1,1,3946
2026-10-07 07:56:53,1,1,3945
2026-10-07 07:57:14,0,0,3944
2026-10-07 07:57:34,0,0,3943
2026-10-07 07:57:55,0,0,3942
2026-10-07 07:58:16,0,0,3941
2026-10-07 07:58:36,1,1,3940
2026-10-07 14:53:35,0,0,3999
2026-10-07 14:53:56,0,0,3998
2026-10-07 14:54:16,0,0,3997
2026-10-07 14:54:37,1,1,3996
2026-10-07 14:54:57,1,1,3995
2026-10-07 14:55:17,1,1,3994
2026-10-07 14:55:38,0,0,3993
2026-10-07 14:55:58,0,0,3992
2026-10-07 14:56:18,0,0,3991
2026-10-07 14:56:39,0,0,3990
2026-10-07 14:56:59,0,0,3989
2026-10-07 14:57:20,0,0,3988
2026-10-07 14:57:40,1,1,3987
2026-10-07 14:58:00,1,1,3986
2026-10-07 14:58:21,0,0,3985
2026-10-07 20:18:19,0,0,3984
2026-10-07 20:18:40,0,0,3983
2026-10-07 20:19:00,0,0,3982
2026-10-07 20:19:21,0,0,3981
2026-10-07 20:19:41,0,0,3980
2026-10-07 20:20:02,0,0,3979
2026-10-07 20:20:22,0,0,3978
2026-10-07 20:20:43,0,0,3977
2026-10-07 20:21:04,0,0,3976
2026-10-07 20:21:25,0,0,3975
2026-10-07 20:21:45,0,0,3974
2026-10-07 20:22:06,0,0,3973
2026-10-07 20:22:26,0,0,3972
2026-10-07 20:22:47,0,0,3971
2026-10-07 20:23:08,0,0,3970
2026-10-08 00:33:28,0,0,3969
2026-10-08 00:33:49,0,0,3968
2026-10-08 00:34:09,0,0,3967
2026-10-08 00:34:30,0,0,3966
2026-10-08 00:34:50,0,0,3965
2026-10-08 00:35:10,0,0,3964
2026-10-08 00:35:31,0,0,3963
2026-10-08 00:35:51,0,0,3962
2026-10-08 00:36:11,0,0,3961
2026-10-08 00:36:32,0,0,3960
2026-10-08 00:36:52,0,0,3959
2026-10-08 00:37:13,0,0,3958
2026-10-08 00:37:33,0,0,3957
2026-10-08 00:37:54,0,0,3956
2026-10-08 00:38:14,0,0,3955
2026-10-08 06:48:26,0,0,3954
2026-10-08 06:48:46,0,0,3953
2026-10-08 06:49:06,0,0,3952
2026-10-08 06:49:27,1,1,3951
2026-10-08 06:49:47,1,1,3950
2026-10-08 06:50:08,0,0,3949
2026-10-08 06:50:28,0,0,3948
2026-10-08 06:50:48,0,0,3947
2026-10-08 06:51:09,1,1,3946
2026-10-08 06:51:29,1,1,3945
2026-10-08 06:51:50,0,0,3944
2026-10-08 06:52:10,0,0,3943
2026-10-08 06:52:31,0,0,3942
2026-10-08 06:52:51,0,0,3941
2026-10-08 06:53:11,0,0,3940
2026-10-08 14:11:16,0,0,3999
2026-10-08 14:11:36,0,0,3998
2026-10-08 14:11:57,0,0,3997
2026-10-08 14:12:18,0,0,3996
2026-10-08 14:12:39,0,0,3995
2026-10-08 14:12:59,0,0,3994
2026-10-08 14:13:20,0,0,3993
2026-10-08 14:13:40,0,0,3992
2026-10-08 14:14:01,1,1,3991
2026-10-08 14:14:21,1,1,3990
2026-10-08 14:14:42,0,0,3989
2026-10-08 14:15:03,0,0,3988
2026-10-08 14:15:23,0,0,3987
2026-10-08 14:15:44,0,0,3986
2026-10-08 14:16:05,0,0,3985
2026-10-08 20:20:18,0,0,3984
2026-10-08 20:20:38,0,0,3983
2026-10-08 20:20:59,0,0,3982
2026-10-08 20:21:19,0,0,3981
2026-10-08 20:21:40,0,0,3980
2026-10-08 20:22:00,0,0,3979
2026-10-08 20:22:21,0,0,3978
2026-10-08 20:22:41,0,0,3977
2026-10-08 20:23:01,0,0,3976
2026-10-08 20:23:22,1,1,3975
2026-10-08 20:23:42,0,0,3974
2026-10-08 20:24:02,0,0,3973
2026-10-08 20:24:23,0,0,3972
2026-10-08 20:24:43,0,0,3971
2026-10-08 20:25:04,0,0,3970
2026-10-09 00:48:53,0,0,3969
2026-10-09 00:49:13,0,0,3968
2026-10-09 00:49:34,0,0,3967
2026-10-09 00:49:54,0,0,3966
2026-10-09 00:50:15,0,0,3965
2026-10-09 00:50:35,0,0,3964
2026-10-09 00:50:55,0,0,3963
2026-10-09 00:51:16,0,0,3962
2026-10-09 00:51:36,0,0,3961
2026-10-09 00:51:57,0,0,3960
2026-10-09 00:52:17,0,0,3959
2026-10-09 00:52:37,0,0,3958
2026-10-09 00:52:58,0,0,3957
2026-10-09 00:53:18,0,0,3956
2026-10-09 00:53:39,0,0,3955
2026-10-09 06:57:11,0,0,3954
2026-10-09 06:57:31,0,0,3953
2026-10-09 06:57:51,1,1,3952
2026-10-09 06:58:12,1,1,3951
2026-10-09 06:58:32,0,0,3950
2026-10-09 06:58:53,0,0,3949
2026-10-09 06:59:13,0,0,3948
2026-10-09 06:59:34,0,0,3947
2026-10-09 06:59:54,0,0,3946
2026-10-09 07:00:14,1,1,3945
2026-10-09 07:00:35,1,1,3944
2026-10-09 07:00:55,0,0,3943
2026-10-09 07:01:16,0,0,3942
2026-10-09 07:01:36,0,0,3941
2026-10-09 07:01:57,0,0,3940
2026-10-09 14:04:51,0,0,3999
2026-10-09 14:05:11,0,0,3998
2026-10-09 14:05:32,0,0,3997
2026-10-09 14:05:52,0,0,3996
2026-10-09 14:06:12,0,0,3995
2026-10-09 14:06:33,1,1,3994
2026-10-09 14:06:53,1,1,3993
2026-10-09 14:07:13,0,0,3992
2026-10-09 14:07:34,0,0,3991
2026-10-09 14:07:54,0,0,3990
2026-10-09 14:08:15,0,0,3989
2026-10-09 14:08:35,0,0,3988
2026-10-09 14:08:55,0,0,3987
2026-10-09 14:09:16,0,0,3986
2026-10-09 14:09:36,0,0,3985
2026-10-09 19:53:26,0,0,3984
2026-10-09 19:53:47,0,0,3983
2026-10-09 19:54:08,1,1,3982
2026-10-09 19:54:28,0,0,3981
2026-10-09 19:54:49,0,0,3980
2026-10-09 19:55:09,0,0,3979
2026-10-09 19:55:30,0,0,3978
2026-10-09 19:55:50,1,1,3977
2026-10-09 19:56:11,1,1,3976
2026-10-09 19:56:32,0,0,3975
2026-10-09 19:56:52,0,0,3974
2026-10-09 19:57:13,0,0,3973
2026-10-09 19:57:33,0,0,3972
2026-10-09 19:57:54,0,0,3971
2026-10-09 19:58:14,0,0,3970
2026-10-09 23:41:04,0,0,3969
2026-10-09 23:41:25,0,0,3968
2026-10-09 23:41:45,0,0,3967
2026-10-09 23:42:05,0,0,3966
2026-10-09 23:42:26,0,0,3965
2026-10-09 23:42:46,0,0,3964
2026-10-09 23:43:07,0,0,3963
2026-10-09 23:43:27,0,0,3962
2026-10-09 23:43:47,0,0,3961
2026-10-09 23:44:08,0,0,3960
2026-10-09 23:44:28,0,0,3959
2026-10-09 23:44:48,0,0,3958
2026-10-09 23:45:09,0,0,3957
2026-10-09 23:45:29,0,0,3956
2026-10-09 23:45:50,0,0,3955
2026-10-10 03:17:10,0,0,3954
2026-10-10 03:17:30,0,0,3953
2026-10-10 03:17:51,0,0,3952
2026-10-10 03:18:11,0,0,3951
2026-10-10 03:18:32,0,0,3950
2026-10-10 03:18:52,0,0,3949
2026-10-10 03:19:13,0,0,3948
2026-10-10 03:19:33,0,0,3947
2026-10-10 03:19:53,0,0,3946
2026-10-10 03:20:14,0,0,3945
2026-10-10 03:20:34,0,0,3944
2026-10-10 03:20:55,0,0,3943
2026-10-10 03:21:15,0,0,3942
2026-10-10 03:21:36,0,0,3941
2026-10-10 03:21:56,0,0,3940
2026-10-10 10:13:44,1,1,3939
2026-10-10 10:14:04,1,1,3938
2026-10-10 10:14:25,0,0,3937
2026-10-10 10:14:46,0,0,3936
2026-10-10 10:15:06,1,1,3935
2026-10-10 10:15:27,1,1,3934
2026-10-10 10:15:47,0,0,3933
2026-10-10 10:16:08,0,0,3932
2026-10-10 10:16:28,0,0,3931
2026-10-10 10:16:49,0,0,3930
2026-10-10 10:17:09,0,0,3929
2026-10-10 10:17:30,0,0,3928
2026-10-10 10:17:50,0,0,3927
2026-10-10 10:18:11,0,0,3926
2026-10-10 10:18:32,0,0,3925
2026-10-10 15:59:52,1,1,3999
2026-10-10 16:00:12,1,1,3998
2026-10-10 16:00:32,0,0,3997
2026-10-10 16:00:53,0,0,3996
2026-10-10 16:01:13,0,0,3995
2026-10-10 16:01:34,0,0,3994
2026-10-10 16:01:54,0,0,3993
2026-10-10 16:02:15,0,0,3992
2026-10-10 16:02:35,1,1,3991
2026-10-10 16:02:55,1,1,3990
2026-10-10 16:03:16,1,1,3989
2026-10-10 16:03:36,0,0,3988
2026-10-10 16:03:57,0,0,3987
2026-10-10 16:04:17,0,0,3986
2026-10-10 16:04:37,0,0,3985
2026-10-10 19:52:54,0,0,3984
2026-10-10 19:53:14,0,0,3983
2026-10-10 19:53:35,0,0,3982
2026-10-10 19:53:55,0,0,3981
2026-10-10 19:54:16,0,0,3980
2026-10-10 19:54:36,1,1,3979
2026-10-10 19:54:57,0,0,3978
2026-10-10 19:55:18,0,0,3977
2026-10-10 19:55:38,0,0,3976
2026-10-10 19:55:59,0,0,3975
2026-10-10 19:56:19,0,0,3974
2026-10-10 19:56:40,0,0,3973
2026-10-10 19:57:00,0,0,3972
2026-10-10 19:57:21,0,0,3971
2026-10-10 19:57:41,0,0,3970
2026-10-10 23:04:52,0,0,3969
2026-10-10 23:05:13,0,0,3968
2026-10-10 23:05:33,0,0,3967
2026-10-10 23:05:54,0,0,3966
2026-10-10 23:06:14,0,0,3965
2026-10-10 23:06:35,0,0,3964
2026-10-10 23:06:55,0,0,3963
2026-10-10 23:07:16,0,0,3962
2026-10-10 23:07:36,0,0,3961
2026-10-10 23:07:57,0,0,3960
2026-10-10 23:08:21,0,0,3959
2026-10-10 23:08:41,0,0,3958
2026-10-10 23:09:02,0,0,3957
2026-10-10 23:09:22,0,0,3956
2026-10-10 23:09:42,0,0,3955
