station,valid,drct,sknt
EIDW,2026-04-01 00:00,220.00,5.00
EIDW,2026-04-01 01:00,230.00,6.00
EIDW,2026-04-01 02:00,230.00,5.00
EIDW,2026-04-01 03:00,240.00,5.00
EIDW,2026-04-01 04:00,250.00,7.00
EIDW,2026-04-01 05:00,230.00,5.00
EIDW,2026-04-01 06:00,230.00,6.00
EIDW,2026-04-01 07:00,230.00,6.00
EIDW,2026-04-01 08:00,230.00,7.00
EIDW,2026-04-01 09:00,250.00,8.00
EIDW,2026-04-01 10:00,240.00,10.00
EIDW,2026-04-01 11:00,250.00,10.00
EIDW,2026-04-01 12:00,240.00,10.00
EIDW,2026-04-01 13:00,230.00,11.00
EIDW,2026-04-01 14:00,220.00,9.00
EIDW,2026-04-01 15:00,320.00,19.00
EIDW,2026-04-01 16:00,320.00,19.00
EIDW,2026-04-01 17:00,320.00,14.00
EIDW,2026-04-01 18:00,320.00,14.00
EIDW,2026-04-01 19:00,300.00,12.00
EIDW,2026-04-01 20:00,300.00,12.00
EIDW,2026-04-01 21:00,290.00,9.00
EIDW,2026-04-01 22:00,290.00,9.00
EIDW,2026-04-01 23:00,290.00,10.00
EIDW,2026-04-02 00:00,290.00,8.00
EIDW,2026-04-02 01:00,280.00,10.00
EIDW,2026-04-02 02:00,280.00,9.00
EIDW,2026-04-02 03:00,270.00,7.00
EIDW,2026-04-02 04:00,270.00,6.00
EIDW,2026-04-02 05:00,270.00,8.00
EIDW,2026-04-02 06:00,270.00,6.00
EIDW,2026-04-02 07:00,280.00,8.00
EIDW,2026-04-02 08:00,210.00,4.00
EIDW,2026-04-02 09:00,200.00,4.00
EIDW,2026-04-02 10:00,200.00,5.00
EIDW,2026-04-02 11:00,200.00,7.00
EIDW,2026-04-02 12:00,140.00,8.00
EIDW,2026-04-02 13:00,140.00,10.00
EIDW,2026-04-02 14:00,230.00,6.00
EIDW,2026-04-02 15:00,200.00,8.00
EIDW,2026-04-02 16:00,200.00,11.00
EIDW,2026-04-02 17:00,190.00,12.00
EIDW,2026-04-02 18:00,180.00,9.00
EIDW,2026-04-02 19:00,170.00,7.00
EIDW,2026-04-02 20:00,200.00,13.00
EIDW,2026-04-02 21:00,210.00,12.00
EIDW,2026-04-02 22:00,210.00,13.00
EIDW,2026-04-02 23:00,210.00,12.00
EIDW,2026-04-03 00:00,210.00,10.00
EIDW,2026-04-03 01:00,220.00,11.00
EIDW,2026-04-03 02:00,220.00,12.00
EIDW,2026-04-03 03:00,220.00,12.00
EIDW,2026-04-03 04:00,230.00,10.00
EIDW,2026-04-03 05:00,230.00,9.00
EIDW,2026-04-03 06:00,240.00,10.00
EIDW,2026-04-03 07:00,250.00,9.00
EIDW,2026-04-03 08:00,250.00,7.00
EIDW,2026-04-03 09:00,250.00,12.00
EIDW,2026-04-03 10:00,260.00,17.00
EIDW,2026-04-03 11:00,260.00,19.00
EIDW,2026-04-03 12:00,260.00,18.00
EIDW,2026-04-03 13:00,280.00,25.00
EIDW,2026-04-03 14:00,270.00,20.00
EIDW,2026-04-03 15:00,280.00,26.00
EIDW,2026-04-03 16:00,300.00,23.00
EIDW,2026-04-03 17:00,290.00,21.00
EIDW,2026-04-03 18:00,280.00,16.00
EIDW,2026-04-03 19:00,280.00,10.00
EIDW,2026-04-03 20:00,280.00,12.00
EIDW,2026-04-03 21:00,270.00,11.00
EIDW,2026-04-03 22:00,250.00,7.00
EIDW,2026-04-03 23:00,230.00,5.00
EIDW,2026-04-04 00:00,240.00,4.00
EIDW,2026-04-04 01:00,220.00,4.00
EIDW,2026-04-04 02:00,220.00,5.00
EIDW,2026-04-04 03:00,200.00,4.00
EIDW,2026-04-04 04:00,200.00,4.00
EIDW,2026-04-04 05:00,190.00,4.00
EIDW,2026-04-04 06:00,170.00,6.00
EIDW,2026-04-04 07:00,140.00,4.00
EIDW,2026-04-04 08:00,140.00,9.00
EIDW,2026-04-04 09:00,140.00,13.00
EIDW,2026-04-04 10:00,150.00,11.00
EIDW,2026-04-04 11:00,200.00,14.00
EIDW,2026-04-04 12:00,200.00,16.00
EIDW,2026-04-04 13:00,190.00,19.00
EIDW,2026-04-04 14:00,200.00,21.00
EIDW,2026-04-04 15:00,200.00,20.00
EIDW,2026-04-04 16:00,200.00,23.00
EIDW,2026-04-04 17:00,190.00,20.00
EIDW,2026-04-04 18:00,230.00,15.00
EIDW,2026-04-04 19:00,220.00,23.00
EIDW,2026-04-04 20:00,240.00,20.00
EIDW,2026-04-04 21:00,270.00,22.00
EIDW,2026-04-04 22:00,270.00,23.00
EIDW,2026-04-04 23:00,260.00,17.00
EIDW,2026-04-05 00:00,250.00,11.00
EIDW,2026-04-05 01:00,240.00,9.00
EIDW,2026-04-05 02:00,240.00,8.00
EIDW,2026-04-05 03:00,260.00,11.00
EIDW,2026-04-05 04:00,250.00,11.00
EIDW,2026-04-05 05:00,250.00,10.00
EIDW,2026-04-05 06:00,240.00,10.00
EIDW,2026-04-05 07:00,240.00,8.00
EIDW,2026-04-05 08:00,250.00,12.00
EIDW,2026-04-05 09:00,260.00,12.00
EIDW,2026-04-05 10:00,270.00,19.00
EIDW,2026-04-05 11:00,270.00,18.00
EIDW,2026-04-05 12:00,240.00,11.00
EIDW,2026-04-05 13:00,260.00,13.00
EIDW,2026-04-05 14:00,270.00,19.00
EIDW,2026-04-05 15:00,270.00,15.00
EIDW,2026-04-05 16:00,270.00,14.00
EIDW,2026-04-05 17:00,280.00,12.00
EIDW,2026-04-05 18:00,280.00,10.00
EIDW,2026-04-05 19:00,220.00,4.00
EIDW,2026-04-05 20:00,200.00,3.00
EIDW,2026-04-05 21:00,M,1.00
EIDW,2026-04-05 22:00,210.00,3.00
EIDW,2026-04-05 23:00,210.00,5.00
EIDW,2026-04-06 00:00,200.00,5.00
EIDW,2026-04-06 01:00,210.00,5.00
EIDW,2026-04-06 02:00,190.00,5.00
EIDW,2026-04-06 03:00,160.00,5.00
EIDW,2026-04-06 04:00,140.00,5.00
EIDW,2026-04-06 05:00,140.00,6.00
EIDW,2026-04-06 06:00,160.00,9.00
EIDW,2026-04-06 07:00,160.00,11.00
EIDW,2026-04-06 08:00,160.00,10.00
EIDW,2026-04-06 09:00,170.00,13.00
EIDW,2026-04-06 10:00,160.00,13.00
EIDW,2026-04-06 11:00,170.00,17.00
EIDW,2026-04-06 12:00,170.00,14.00
EIDW,2026-04-06 13:00,150.00,13.00
EIDW,2026-04-06 14:00,150.00,12.00
EIDW,2026-04-06 15:00,160.00,12.00
EIDW,2026-04-06 16:00,160.00,19.00
EIDW,2026-04-06 17:00,170.00,15.00
EIDW,2026-04-06 18:00,150.00,12.00
EIDW,2026-04-06 19:00,150.00,12.00
EIDW,2026-04-06 20:00,160.00,12.00
EIDW,2026-04-06 21:00,160.00,15.00
EIDW,2026-04-06 22:00,150.00,10.00
EIDW,2026-04-06 23:00,150.00,7.00
EIDW,2026-04-07 00:00,130.00,9.00
EIDW,2026-04-07 01:00,140.00,14.00
EIDW,2026-04-07 02:00,130.00,8.00
EIDW,2026-04-07 03:00,90.00,8.00
EIDW,2026-04-07 04:00,80.00,9.00
EIDW,2026-04-07 05:00,60.00,8.00
EIDW,2026-04-07 06:00,M,3.00
EIDW,2026-04-07 07:00,130.00,11.00
EIDW,2026-04-07 08:00,120.00,6.00
EIDW,2026-04-07 09:00,140.00,7.00
EIDW,2026-04-07 10:00,140.00,12.00
EIDW,2026-04-07 11:00,130.00,11.00
EIDW,2026-04-07 12:00,140.00,12.00
EIDW,2026-04-07 13:00,140.00,9.00
EIDW,2026-04-07 14:00,140.00,9.00
EIDW,2026-04-07 15:00,140.00,7.00
EIDW,2026-04-07 16:00,150.00,5.00
EIDW,2026-04-07 17:00,M,3.00
EIDW,2026-04-07 18:00,270.00,5.00
EIDW,2026-04-07 19:00,260.00,7.00
EIDW,2026-04-07 20:00,260.00,7.00
EIDW,2026-04-07 21:00,270.00,3.00
EIDW,2026-04-07 22:00,250.00,6.00
EIDW,2026-04-07 23:00,250.00,5.00
EIDW,2026-04-08 00:00,250.00,4.00
EIDW,2026-04-08 01:00,260.00,7.00
EIDW,2026-04-08 02:00,270.00,8.00
EIDW,2026-04-08 03:00,270.00,4.00
EIDW,2026-04-08 04:00,280.00,5.00
EIDW,2026-04-08 05:00,M,3.00
EIDW,2026-04-08 06:00,M,3.00
EIDW,2026-04-08 07:00,260.00,5.00
EIDW,2026-04-08 08:00,290.00,13.00
EIDW,2026-04-08 09:00,280.00,9.00
EIDW,2026-04-08 10:00,270.00,6.00
EIDW,2026-04-08 11:00,240.00,5.00
EIDW,2026-04-08 12:00,250.00,7.00
EIDW,2026-04-08 13:00,230.00,8.00
EIDW,2026-04-08 14:00,230.00,7.00
EIDW,2026-04-08 15:00,160.00,6.00
EIDW,2026-04-08 16:00,150.00,7.00
EIDW,2026-04-08 17:00,140.00,7.00
EIDW,2026-04-08 18:00,150.00,4.00
EIDW,2026-04-08 19:00,250.00,6.00
EIDW,2026-04-08 20:00,260.00,4.00
EIDW,2026-04-08 21:00,260.00,3.00
EIDW,2026-04-08 22:00,M,2.00
EIDW,2026-04-08 23:00,230.00,4.00
EIDW,2026-04-09 00:00,200.00,3.00
EIDW,2026-04-09 01:00,220.00,4.00
EIDW,2026-04-09 02:00,210.00,6.00
EIDW,2026-04-09 03:00,240.00,6.00
EIDW,2026-04-09 04:00,240.00,9.00
EIDW,2026-04-09 05:00,240.00,8.00
EIDW,2026-04-09 06:00,250.00,11.00
EIDW,2026-04-09 07:00,250.00,8.00
EIDW,2026-04-09 08:00,250.00,11.00
EIDW,2026-04-09 09:00,280.00,14.00
EIDW,2026-04-09 10:00,280.00,12.00
EIDW,2026-04-09 11:00,280.00,23.00
EIDW,2026-04-09 12:00,270.00,16.00
EIDW,2026-04-09 13:00,270.00,17.00
EIDW,2026-04-09 14:00,290.00,20.00
EIDW,2026-04-09 15:00,270.00,19.00
EIDW,2026-04-09 16:00,270.00,17.00
EIDW,2026-04-09 17:00,270.00,16.00
EIDW,2026-04-09 18:00,250.00,8.00
EIDW,2026-04-09 19:00,270.00,12.00
EIDW,2026-04-09 20:00,270.00,14.00
EIDW,2026-04-09 21:00,260.00,10.00
EIDW,2026-04-09 22:00,260.00,12.00
EIDW,2026-04-09 23:00,250.00,10.00
EIDW,2026-04-10 00:00,250.00,8.00
EIDW,2026-04-10 01:00,240.00,7.00
EIDW,2026-04-10 02:00,240.00,4.00
EIDW,2026-04-10 03:00,240.00,4.00
EIDW,2026-04-10 04:00,230.00,5.00
EIDW,2026-04-10 05:00,220.00,5.00
EIDW,2026-04-10 06:00,190.00,4.00
EIDW,2026-04-10 07:00,200.00,4.00
EIDW,2026-04-10 08:00,M,3.00
EIDW,2026-04-10 09:00,160.00,4.00
EIDW,2026-04-10 10:00,190.00,10.00
EIDW,2026-04-10 11:00,160.00,11.00
EIDW,2026-04-10 12:00,150.00,13.00
EIDW,2026-04-10 13:00,160.00,14.00
EIDW,2026-04-10 14:00,170.00,18.00
EIDW,2026-04-10 15:00,170.00,17.00
EIDW,2026-04-10 16:00,160.00,17.00
EIDW,2026-04-10 17:00,170.00,17.00
EIDW,2026-04-10 18:00,170.00,23.00
EIDW,2026-04-10 19:00,160.00,20.00
EIDW,2026-04-10 20:00,150.00,20.00
EIDW,2026-04-10 21:00,170.00,18.00
EIDW,2026-04-10 22:00,200.00,4.00
EIDW,2026-04-10 23:00,M,3.00
EIDW,2026-04-11 00:00,200.00,7.00
EIDW,2026-04-11 01:00,190.00,6.00
EIDW,2026-04-11 02:00,220.00,11.00
EIDW,2026-04-11 03:00,220.00,7.00
EIDW,2026-04-11 04:00,220.00,9.00
EIDW,2026-04-11 05:00,200.00,12.00
EIDW,2026-04-11 06:00,210.00,14.00
EIDW,2026-04-11 07:00,200.00,13.00
EIDW,2026-04-11 08:00,210.00,16.00
EIDW,2026-04-11 09:00,210.00,16.00
EIDW,2026-04-11 10:00,210.00,16.00
EIDW,2026-04-11 11:00,210.00,17.00
EIDW,2026-04-11 12:00,210.00,15.00
EIDW,2026-04-11 13:00,210.00,20.00
EIDW,2026-04-11 14:00,200.00,16.00
EIDW,2026-04-11 15:00,210.00,21.00
EIDW,2026-04-11 16:00,200.00,18.00
EIDW,2026-04-11 17:00,190.00,16.00
EIDW,2026-04-11 18:00,180.00,16.00
EIDW,2026-04-11 19:00,210.00,13.00
EIDW,2026-04-11 20:00,240.00,15.00
EIDW,2026-04-11 21:00,230.00,14.00
EIDW,2026-04-11 22:00,240.00,13.00
EIDW,2026-04-11 23:00,240.00,12.00
EIDW,2026-04-12 00:00,230.00,13.00
EIDW,2026-04-12 01:00,230.00,13.00
EIDW,2026-04-12 02:00,230.00,13.00
EIDW,2026-04-12 03:00,230.00,13.00
EIDW,2026-04-12 04:00,230.00,11.00
EIDW,2026-04-12 05:00,230.00,9.00
EIDW,2026-04-12 06:00,230.00,9.00
EIDW,2026-04-12 07:00,230.00,11.00
EIDW,2026-04-12 08:00,240.00,12.00
EIDW,2026-04-12 09:00,250.00,11.00
EIDW,2026-04-12 10:00,260.00,16.00
EIDW,2026-04-12 11:00,280.00,21.00
EIDW,2026-04-12 12:00,240.00,11.00
EIDW,2026-04-12 13:00,240.00,9.00
EIDW,2026-04-12 14:00,270.00,14.00
EIDW,2026-04-12 15:00,230.00,7.00
EIDW,2026-04-12 16:00,290.00,18.00
EIDW,2026-04-12 17:00,280.00,12.00
EIDW,2026-04-12 18:00,250.00,8.00
EIDW,2026-04-12 19:00,260.00,7.00
EIDW,2026-04-12 20:00,230.00,5.00
EIDW,2026-04-12 21:00,M,2.00
EIDW,2026-04-12 22:00,M,3.00
EIDW,2026-04-12 23:00,220.00,3.00
EIDW,2026-04-13 00:00,200.00,4.00
EIDW,2026-04-13 01:00,230.00,4.00
EIDW,2026-04-13 02:00,230.00,4.00
EIDW,2026-04-13 03:00,M,2.00
EIDW,2026-04-13 04:00,180.00,4.00
EIDW,2026-04-13 05:00,M,3.00
EIDW,2026-04-13 06:00,M,3.00
EIDW,2026-04-13 07:00,180.00,5.00
EIDW,2026-04-13 08:00,180.00,6.00
EIDW,2026-04-13 09:00,200.00,8.00
EIDW,2026-04-13 10:00,220.00,9.00
EIDW,2026-04-13 11:00,210.00,7.00
EIDW,2026-04-13 12:00,220.00,7.00
EIDW,2026-04-13 13:00,190.00,10.00
EIDW,2026-04-13 14:00,160.00,5.00
EIDW,2026-04-13 15:00,150.00,11.00
EIDW,2026-04-13 16:00,140.00,11.00
EIDW,2026-04-13 17:00,130.00,8.00
EIDW,2026-04-13 18:00,140.00,6.00
EIDW,2026-04-13 19:00,190.00,9.00
EIDW,2026-04-13 20:00,170.00,8.00
EIDW,2026-04-13 21:00,160.00,7.00
EIDW,2026-04-13 22:00,170.00,7.00
EIDW,2026-04-13 23:00,150.00,5.00
EIDW,2026-04-14 00:00,160.00,6.00
EIDW,2026-04-14 01:00,150.00,12.00
EIDW,2026-04-14 02:00,160.00,10.00
EIDW,2026-04-14 03:00,150.00,10.00
EIDW,2026-04-14 04:00,140.00,9.00
EIDW,2026-04-14 05:00,140.00,12.00
EIDW,2026-04-14 06:00,140.00,12.00
EIDW,2026-04-14 07:00,130.00,13.00
EIDW,2026-04-14 08:00,150.00,14.00
EIDW,2026-04-14 09:00,140.00,14.00
EIDW,2026-04-14 10:00,140.00,13.00
EIDW,2026-04-14 11:00,140.00,12.00
EIDW,2026-04-14 12:00,140.00,9.00
EIDW,2026-04-14 13:00,150.00,11.00
EIDW,2026-04-14 14:00,140.00,11.00
EIDW,2026-04-14 15:00,150.00,8.00
EIDW,2026-04-14 16:00,140.00,8.00
EIDW,2026-04-14 17:00,140.00,9.00
EIDW,2026-04-14 18:00,150.00,10.00
EIDW,2026-04-14 19:00,150.00,8.00
EIDW,2026-04-14 20:00,150.00,10.00
EIDW,2026-04-14 21:00,150.00,8.00
EIDW,2026-04-14 22:00,160.00,9.00
EIDW,2026-04-14 23:00,150.00,11.00
EIDW,2026-04-15 00:00,120.00,7.00
EIDW,2026-04-15 01:00,100.00,8.00
EIDW,2026-04-15 02:00,M,3.00
EIDW,2026-04-15 03:00,190.00,8.00
EIDW,2026-04-15 04:00,180.00,10.00
EIDW,2026-04-15 05:00,150.00,9.00
EIDW,2026-04-15 06:00,160.00,12.00
EIDW,2026-04-15 07:00,150.00,8.00
EIDW,2026-04-15 08:00,170.00,7.00
EIDW,2026-04-15 09:00,210.00,8.00
EIDW,2026-04-15 10:00,190.00,11.00
EIDW,2026-04-15 11:00,200.00,17.00
EIDW,2026-04-15 12:00,200.00,14.00
EIDW,2026-04-15 13:00,210.00,17.00
EIDW,2026-04-15 14:00,190.00,18.00
EIDW,2026-04-15 15:00,210.00,18.00
EIDW,2026-04-15 16:00,210.00,16.00
EIDW,2026-04-15 17:00,200.00,10.00
EIDW,2026-04-15 18:00,210.00,14.00
EIDW,2026-04-15 19:00,200.00,13.00
EIDW,2026-04-15 20:00,190.00,16.00
EIDW,2026-04-15 21:00,220.00,11.00
EIDW,2026-04-15 22:00,220.00,12.00
EIDW,2026-04-15 23:00,220.00,14.00
EIDW,2026-04-16 00:00,230.00,14.00
EIDW,2026-04-16 01:00,230.00,11.00
EIDW,2026-04-16 02:00,230.00,9.00
EIDW,2026-04-16 03:00,240.00,8.00
EIDW,2026-04-16 04:00,220.00,8.00
EIDW,2026-04-16 05:00,220.00,10.00
EIDW,2026-04-16 06:00,220.00,8.00
EIDW,2026-04-16 07:00,220.00,10.00
EIDW,2026-04-16 08:00,230.00,9.00
EIDW,2026-04-16 09:00,220.00,10.00
EIDW,2026-04-16 10:00,210.00,12.00
EIDW,2026-04-16 11:00,210.00,12.00
EIDW,2026-04-16 12:00,220.00,11.00
EIDW,2026-04-16 13:00,220.00,10.00
EIDW,2026-04-16 14:00,210.00,11.00
EIDW,2026-04-16 15:00,190.00,14.00
EIDW,2026-04-16 16:00,200.00,11.00
EIDW,2026-04-16 17:00,190.00,11.00
EIDW,2026-04-16 18:00,180.00,8.00
EIDW,2026-04-16 19:00,170.00,7.00
EIDW,2026-04-16 20:00,150.00,6.00
EIDW,2026-04-16 21:00,180.00,11.00
EIDW,2026-04-16 22:00,160.00,7.00
EIDW,2026-04-16 23:00,130.00,8.00
EIDW,2026-04-17 00:00,150.00,10.00
EIDW,2026-04-17 01:00,180.00,13.00
EIDW,2026-04-17 02:00,180.00,12.00
EIDW,2026-04-17 03:00,170.00,8.00
EIDW,2026-04-17 04:00,180.00,12.00
EIDW,2026-04-17 05:00,170.00,16.00
EIDW,2026-04-17 06:00,200.00,10.00
EIDW,2026-04-17 07:00,210.00,12.00
EIDW,2026-04-17 08:00,210.00,10.00
EIDW,2026-04-17 09:00,210.00,14.00
EIDW,2026-04-17 10:00,220.00,13.00
EIDW,2026-04-17 11:00,220.00,14.00
EIDW,2026-04-17 12:00,220.00,14.00
EIDW,2026-04-17 13:00,220.00,13.00
EIDW,2026-04-17 14:00,220.00,14.00
EIDW,2026-04-17 15:00,220.00,14.00
EIDW,2026-04-17 16:00,220.00,15.00
EIDW,2026-04-17 17:00,230.00,8.00
EIDW,2026-04-17 18:00,230.00,10.00
EIDW,2026-04-17 19:00,230.00,7.00
EIDW,2026-04-17 20:00,230.00,6.00
EIDW,2026-04-17 21:00,220.00,7.00
EIDW,2026-04-17 22:00,230.00,7.00
EIDW,2026-04-17 23:00,240.00,8.00
EIDW,2026-04-18 00:00,240.00,7.00
EIDW,2026-04-18 01:00,240.00,8.00
EIDW,2026-04-18 02:00,240.00,8.00
EIDW,2026-04-18 03:00,240.00,9.00
EIDW,2026-04-18 04:00,250.00,9.00
EIDW,2026-04-18 05:00,250.00,9.00
EIDW,2026-04-18 06:00,270.00,11.00
EIDW,2026-04-18 07:00,260.00,12.00
EIDW,2026-04-18 08:00,270.00,11.00
EIDW,2026-04-18 09:00,290.00,14.00
EIDW,2026-04-18 10:00,290.00,16.00
EIDW,2026-04-18 11:00,280.00,15.00
EIDW,2026-04-18 12:00,300.00,12.00
EIDW,2026-04-18 13:00,270.00,12.00
EIDW,2026-04-18 14:00,270.00,11.00
EIDW,2026-04-18 15:00,300.00,14.00
EIDW,2026-04-18 16:00,340.00,14.00
EIDW,2026-04-18 17:00,M,2.00
EIDW,2026-04-18 18:00,320.00,6.00
EIDW,2026-04-18 19:00,310.00,6.00
EIDW,2026-04-18 20:00,280.00,4.00
EIDW,2026-04-18 21:00,280.00,6.00
EIDW,2026-04-18 22:00,300.00,5.00
EIDW,2026-04-18 23:00,310.00,7.00
EIDW,2026-04-19 00:00,320.00,7.00
EIDW,2026-04-19 01:00,300.00,6.00
EIDW,2026-04-19 02:00,280.00,6.00
EIDW,2026-04-19 03:00,290.00,4.00
EIDW,2026-04-19 04:00,270.00,4.00
EIDW,2026-04-19 05:00,280.00,6.00
EIDW,2026-04-19 06:00,280.00,7.00
EIDW,2026-04-19 07:00,290.00,5.00
EIDW,2026-04-19 08:00,M,3.00
EIDW,2026-04-19 09:00,M,3.00
EIDW,2026-04-19 10:00,M,2.00
EIDW,2026-04-19 11:00,340.00,4.00
EIDW,2026-04-19 12:00,90.00,8.00
EIDW,2026-04-19 13:00,100.00,9.00
EIDW,2026-04-19 14:00,90.00,6.00
EIDW,2026-04-19 15:00,100.00,7.00
EIDW,2026-04-19 16:00,110.00,7.00
EIDW,2026-04-19 17:00,130.00,6.00
EIDW,2026-04-19 18:00,110.00,8.00
EIDW,2026-04-19 19:00,130.00,5.00
EIDW,2026-04-19 20:00,M,2.00
EIDW,2026-04-19 21:00,150.00,4.00
EIDW,2026-04-19 22:00,110.00,3.00
EIDW,2026-04-19 23:00,M,1.00
EIDW,2026-04-20 00:00,10.00,3.00
EIDW,2026-04-20 01:00,360.00,3.00
EIDW,2026-04-20 02:00,M,3.00
EIDW,2026-04-20 03:00,30.00,5.00
EIDW,2026-04-20 04:00,30.00,5.00
EIDW,2026-04-20 05:00,M,3.00
EIDW,2026-04-20 06:00,360.00,4.00
EIDW,2026-04-20 07:00,10.00,5.00
EIDW,2026-04-20 08:00,40.00,7.00
EIDW,2026-04-20 09:00,60.00,8.00
EIDW,2026-04-20 10:00,70.00,8.00
EIDW,2026-04-20 11:00,80.00,8.00
EIDW,2026-04-20 12:00,60.00,8.00
EIDW,2026-04-20 13:00,60.00,10.00
EIDW,2026-04-20 14:00,80.00,8.00
EIDW,2026-04-20 15:00,80.00,9.00
EIDW,2026-04-20 16:00,70.00,10.00
EIDW,2026-04-20 17:00,90.00,9.00
EIDW,2026-04-20 18:00,100.00,8.00
EIDW,2026-04-20 19:00,100.00,7.00
EIDW,2026-04-20 20:00,110.00,4.00
EIDW,2026-04-20 21:00,100.00,5.00
EIDW,2026-04-20 22:00,80.00,5.00
EIDW,2026-04-20 23:00,70.00,4.00
EIDW,2026-04-21 00:00,M,2.00
EIDW,2026-04-21 01:00,M,3.00
EIDW,2026-04-21 02:00,80.00,5.00
EIDW,2026-04-21 03:00,120.00,9.00
EIDW,2026-04-21 04:00,100.00,9.00
EIDW,2026-04-21 05:00,100.00,10.00
EIDW,2026-04-21 06:00,100.00,14.00
EIDW,2026-04-21 07:00,100.00,14.00
EIDW,2026-04-21 08:00,90.00,16.00
EIDW,2026-04-21 09:00,90.00,16.00
EIDW,2026-04-21 10:00,100.00,17.00
EIDW,2026-04-21 11:00,90.00,19.00
EIDW,2026-04-21 12:00,80.00,22.00
EIDW,2026-04-21 13:00,70.00,21.00
EIDW,2026-04-21 14:00,80.00,18.00
EIDW,2026-04-21 15:00,70.00,17.00
EIDW,2026-04-21 16:00,60.00,17.00
EIDW,2026-04-21 17:00,70.00,16.00
EIDW,2026-04-21 18:00,70.00,18.00
EIDW,2026-04-21 19:00,80.00,17.00
EIDW,2026-04-21 20:00,80.00,17.00
EIDW,2026-04-21 21:00,80.00,18.00
EIDW,2026-04-21 22:00,90.00,15.00
EIDW,2026-04-21 23:00,90.00,17.00
EIDW,2026-04-22 00:00,100.00,15.00
EIDW,2026-04-22 01:00,90.00,14.00
EIDW,2026-04-22 02:00,90.00,15.00
EIDW,2026-04-22 03:00,90.00,14.00
EIDW,2026-04-22 04:00,90.00,14.00
EIDW,2026-04-22 05:00,90.00,13.00
EIDW,2026-04-22 06:00,90.00,13.00
EIDW,2026-04-22 07:00,80.00,19.00
EIDW,2026-04-22 08:00,90.00,17.00
EIDW,2026-04-22 09:00,90.00,19.00
EIDW,2026-04-22 10:00,90.00,22.00
EIDW,2026-04-22 11:00,90.00,23.00
EIDW,2026-04-22 12:00,80.00,22.00
EIDW,2026-04-22 13:00,90.00,18.00
EIDW,2026-04-22 14:00,80.00,17.00
EIDW,2026-04-22 15:00,90.00,18.00
EIDW,2026-04-22 16:00,90.00,20.00
EIDW,2026-04-22 17:00,90.00,16.00
EIDW,2026-04-22 18:00,80.00,13.00
EIDW,2026-04-22 19:00,90.00,14.00
EIDW,2026-04-22 20:00,100.00,13.00
EIDW,2026-04-22 21:00,100.00,11.00
EIDW,2026-04-22 22:00,100.00,13.00
EIDW,2026-04-22 23:00,100.00,15.00
EIDW,2026-04-23 00:00,100.00,16.00
EIDW,2026-04-23 01:00,100.00,9.00
EIDW,2026-04-23 02:00,110.00,6.00
EIDW,2026-04-23 03:30,140.00,6.00
EIDW,2026-04-23 04:30,90.00,6.00
EIDW,2026-04-23 05:00,80.00,6.00
EIDW,2026-04-23 06:00,80.00,7.00
EIDW,2026-04-23 07:00,80.00,9.00
EIDW,2026-04-23 08:00,90.00,10.00
EIDW,2026-04-23 09:00,110.00,8.00
EIDW,2026-04-23 10:00,140.00,10.00
EIDW,2026-04-23 11:00,130.00,10.00
EIDW,2026-04-23 12:00,120.00,11.00
EIDW,2026-04-23 13:00,90.00,7.00
EIDW,2026-04-23 14:00,80.00,8.00
EIDW,2026-04-23 15:00,40.00,9.00
EIDW,2026-04-23 16:00,80.00,10.00
EIDW,2026-04-23 17:00,90.00,9.00
EIDW,2026-04-23 18:00,90.00,11.00
EIDW,2026-04-23 19:00,90.00,8.00
EIDW,2026-04-23 20:00,100.00,9.00
EIDW,2026-04-23 21:00,110.00,6.00
EIDW,2026-04-23 22:00,70.00,3.00
EIDW,2026-04-23 23:00,70.00,6.00
EIDW,2026-04-24 00:00,90.00,4.00
EIDW,2026-04-24 01:00,360.00,2.00
EIDW,2026-04-24 02:00,20.00,3.00
EIDW,2026-04-24 03:00,M,1.00
EIDW,2026-04-24 04:00,70.00,3.00
EIDW,2026-04-24 05:00,M,2.00
EIDW,2026-04-24 06:00,M,3.00
EIDW,2026-04-24 07:00,90.00,6.00
EIDW,2026-04-24 08:00,100.00,7.00
EIDW,2026-04-24 09:00,100.00,9.00
EIDW,2026-04-24 10:00,100.00,10.00
EIDW,2026-04-24 11:00,80.00,12.00
EIDW,2026-04-24 12:00,100.00,11.00
EIDW,2026-04-24 13:00,100.00,10.00
EIDW,2026-04-24 14:00,100.00,9.00
EIDW,2026-04-24 15:00,90.00,10.00
EIDW,2026-04-24 16:00,100.00,9.00
EIDW,2026-04-24 17:00,90.00,6.00
EIDW,2026-04-24 18:00,90.00,4.00
EIDW,2026-04-24 19:00,100.00,5.00
EIDW,2026-04-24 20:00,M,2.00
EIDW,2026-04-24 21:00,70.00,5.00
EIDW,2026-04-24 22:00,70.00,3.00
EIDW,2026-04-24 23:00,30.00,4.00
EIDW,2026-04-25 00:00,M,2.00
EIDW,2026-04-25 01:00,40.00,4.00
EIDW,2026-04-25 02:00,320.00,3.00
EIDW,2026-04-25 03:00,M,3.00
EIDW,2026-04-25 04:00,330.00,4.00
EIDW,2026-04-25 05:00,M,2.00
EIDW,2026-04-25 06:00,20.00,4.00
EIDW,2026-04-25 07:00,80.00,5.00
EIDW,2026-04-25 08:00,90.00,5.00
EIDW,2026-04-25 09:00,150.00,4.00
EIDW,2026-04-25 10:00,M,3.00
EIDW,2026-04-25 11:00,110.00,4.00
EIDW,2026-04-25 12:00,110.00,6.00
EIDW,2026-04-25 13:00,120.00,8.00
EIDW,2026-04-25 14:00,130.00,7.00
EIDW,2026-04-25 15:00,140.00,9.00
EIDW,2026-04-25 16:00,130.00,9.00
EIDW,2026-04-25 17:00,130.00,9.00
EIDW,2026-04-25 18:00,110.00,8.00
EIDW,2026-04-25 19:00,110.00,8.00
EIDW,2026-04-25 20:00,120.00,6.00
EIDW,2026-04-25 21:00,140.00,6.00
EIDW,2026-04-25 22:00,140.00,6.00
EIDW,2026-04-25 23:00,140.00,6.00
EIDW,2026-04-26 00:00,150.00,6.00
EIDW,2026-04-26 01:00,270.00,5.00
EIDW,2026-04-26 02:00,290.00,4.00
EIDW,2026-04-26 03:00,270.00,4.00
EIDW,2026-04-26 04:00,270.00,4.00
EIDW,2026-04-26 05:00,290.00,5.00
EIDW,2026-04-26 06:00,280.00,6.00
EIDW,2026-04-26 07:00,280.00,7.00
EIDW,2026-04-26 08:00,290.00,5.00
EIDW,2026-04-26 09:00,310.00,4.00
EIDW,2026-04-26 10:00,M,3.00
EIDW,2026-04-26 11:00,M,3.00
EIDW,2026-04-26 12:00,300.00,5.00
EIDW,2026-04-26 13:00,20.00,5.00
EIDW,2026-04-26 14:00,110.00,6.00
EIDW,2026-04-26 15:00,100.00,4.00
EIDW,2026-04-26 16:00,110.00,5.00
EIDW,2026-04-26 17:00,110.00,4.00
EIDW,2026-04-26 18:00,M,3.00
EIDW,2026-04-26 19:00,170.00,3.00
EIDW,2026-04-26 20:00,M,3.00
EIDW,2026-04-26 21:00,300.00,6.00
EIDW,2026-04-26 22:00,320.00,9.00
EIDW,2026-04-26 23:00,340.00,5.00
EIDW,2026-04-27 00:00,350.00,5.00
EIDW,2026-04-27 01:00,340.00,5.00
EIDW,2026-04-27 02:00,350.00,4.00
EIDW,2026-04-27 03:00,280.00,3.00
EIDW,2026-04-27 04:00,260.00,3.00
EIDW,2026-04-27 05:00,290.00,6.00
EIDW,2026-04-27 06:00,270.00,4.00
EIDW,2026-04-27 07:00,300.00,6.00
EIDW,2026-04-27 08:00,330.00,8.00
EIDW,2026-04-27 09:00,320.00,7.00
EIDW,2026-04-27 10:00,360.00,8.00
EIDW,2026-04-27 11:00,330.00,8.00
EIDW,2026-04-27 12:00,340.00,6.00
EIDW,2026-04-27 13:00,40.00,8.00
EIDW,2026-04-27 14:00,20.00,10.00
EIDW,2026-04-27 15:00,10.00,7.00
EIDW,2026-04-27 16:00,10.00,8.00
EIDW,2026-04-27 17:00,40.00,6.00
EIDW,2026-04-27 18:00,60.00,4.00
EIDW,2026-04-27 19:00,10.00,7.00
EIDW,2026-04-27 20:00,340.00,6.00
EIDW,2026-04-27 21:00,320.00,5.00
EIDW,2026-04-27 22:00,350.00,7.00
EIDW,2026-04-27 23:00,10.00,6.00
EIDW,2026-04-28 00:00,10.00,7.00
EIDW,2026-04-28 01:00,310.00,5.00
EIDW,2026-04-28 02:00,330.00,5.00
EIDW,2026-04-28 03:00,330.00,4.00
EIDW,2026-04-28 04:00,20.00,7.00
EIDW,2026-04-28 05:00,30.00,11.00
EIDW,2026-04-28 06:00,30.00,9.00
EIDW,2026-04-28 07:00,70.00,12.00
EIDW,2026-04-28 08:00,100.00,9.00
EIDW,2026-04-28 09:00,100.00,11.00
EIDW,2026-04-28 10:00,90.00,12.00
EIDW,2026-04-28 11:00,90.00,14.00
EIDW,2026-04-28 12:00,80.00,14.00
EIDW,2026-04-28 13:00,90.00,12.00
EIDW,2026-04-28 14:00,80.00,13.00
EIDW,2026-04-28 15:00,80.00,12.00
EIDW,2026-04-28 16:00,70.00,12.00
EIDW,2026-04-28 17:00,60.00,13.00
EIDW,2026-04-28 18:00,60.00,12.00
EIDW,2026-04-28 19:00,40.00,10.00
EIDW,2026-04-28 20:00,40.00,8.00
EIDW,2026-04-28 21:00,60.00,7.00
EIDW,2026-04-28 22:00,50.00,8.00
EIDW,2026-04-28 23:00,60.00,12.00
EIDW,2026-04-29 00:00,70.00,10.00
EIDW,2026-04-29 01:00,100.00,9.00
EIDW,2026-04-29 02:00,80.00,10.00
EIDW,2026-04-29 03:00,90.00,9.00
EIDW,2026-04-29 04:00,110.00,6.00
EIDW,2026-04-29 05:00,90.00,11.00
EIDW,2026-04-29 06:00,90.00,12.00
EIDW,2026-04-29 07:00,80.00,16.00
EIDW,2026-04-29 08:00,80.00,16.00
EIDW,2026-04-29 09:00,80.00,19.00
EIDW,2026-04-29 10:00,80.00,16.00
EIDW,2026-04-29 11:00,70.00,17.00
EIDW,2026-04-29 12:00,80.00,16.00
EIDW,2026-04-29 13:00,70.00,20.00
EIDW,2026-04-29 14:00,70.00,18.00
EIDW,2026-04-29 15:00,70.00,15.00
EIDW,2026-04-29 16:00,70.00,17.00
EIDW,2026-04-29 17:00,60.00,16.00
EIDW,2026-04-29 18:00,60.00,12.00
EIDW,2026-04-29 19:00,70.00,13.00
EIDW,2026-04-29 20:00,80.00,14.00
EIDW,2026-04-29 21:00,90.00,15.00
EIDW,2026-04-29 22:00,90.00,15.00
EIDW,2026-04-29 23:00,90.00,15.00
EIDW,2026-04-30 00:00,90.00,15.00
EIDW,2026-04-30 01:00,90.00,15.00
EIDW,2026-04-30 02:00,90.00,14.00
EIDW,2026-04-30 03:00,90.00,14.00
EIDW,2026-04-30 04:00,70.00,9.00
EIDW,2026-04-30 05:00,80.00,12.00
EIDW,2026-04-30 06:00,60.00,10.00
EIDW,2026-04-30 07:00,80.00,12.00
EIDW,2026-04-30 08:00,90.00,13.00
EIDW,2026-04-30 09:00,90.00,13.00
EIDW,2026-04-30 10:00,90.00,13.00
EIDW,2026-04-30 11:00,80.00,13.00
EIDW,2026-04-30 12:00,80.00,15.00
EIDW,2026-04-30 13:00,80.00,10.00
EIDW,2026-04-30 14:00,80.00,11.00
EIDW,2026-04-30 15:00,80.00,11.00
EIDW,2026-04-30 16:00,80.00,9.00
EIDW,2026-04-30 17:00,70.00,5.00
EIDW,2026-04-30 18:00,M,1.00
EIDW,2026-04-30 19:00,90.00,4.00
EIDW,2026-04-30 20:00,300.00,3.00
EIDW,2026-04-30 21:00,10.00,7.00
EIDW,2026-04-30 22:00,120.00,3.00
EIDW,2026-04-30 23:00,M,2.00
EIDW,2026-05-01 00:00,140.00,4.00
EIDW,2026-05-01 01:00,100.00,5.00
EIDW,2026-05-01 02:00,130.00,5.00
EIDW,2026-05-01 03:00,100.00,4.00
EIDW,2026-05-01 04:00,120.00,4.00
EIDW,2026-05-01 05:00,110.00,7.00
EIDW,2026-05-01 06:00,M,2.00
EIDW,2026-05-01 07:00,160.00,4.00
EIDW,2026-05-01 08:00,140.00,3.00
EIDW,2026-05-01 09:00,M,1.00
EIDW,2026-05-01 10:00,270.00,7.00
EIDW,2026-05-01 11:00,M,3.00
EIDW,2026-05-01 12:00,110.00,5.00
EIDW,2026-05-01 13:00,160.00,4.00
EIDW,2026-05-01 14:00,240.00,8.00
EIDW,2026-05-01 15:00,230.00,9.00
EIDW,2026-05-01 16:00,240.00,7.00
EIDW,2026-05-01 17:00,240.00,6.00
EIDW,2026-05-01 18:00,230.00,7.00
EIDW,2026-05-01 19:00,230.00,5.00
EIDW,2026-05-01 20:00,230.00,5.00
EIDW,2026-05-01 21:00,230.00,6.00
EIDW,2026-05-01 22:00,230.00,6.00
EIDW,2026-05-01 23:00,230.00,7.00
EIDW,2026-05-02 00:00,220.00,3.00
EIDW,2026-05-02 01:00,190.00,3.00
EIDW,2026-05-02 02:00,240.00,5.00
EIDW,2026-05-02 03:00,220.00,7.00
EIDW,2026-05-02 04:00,210.00,4.00
EIDW,2026-05-02 05:00,240.00,3.00
EIDW,2026-05-02 06:00,240.00,3.00
EIDW,2026-05-02 07:00,190.00,4.00
EIDW,2026-05-02 08:00,110.00,4.00
EIDW,2026-05-02 09:00,130.00,4.00
EIDW,2026-05-02 10:00,M,3.00
EIDW,2026-05-02 11:00,140.00,5.00
EIDW,2026-05-02 12:00,120.00,4.00
EIDW,2026-05-02 13:00,160.00,5.00
EIDW,2026-05-02 14:00,140.00,6.00
EIDW,2026-05-02 15:00,200.00,6.00
EIDW,2026-05-02 16:00,150.00,6.00
EIDW,2026-05-02 17:00,140.00,6.00
EIDW,2026-05-02 18:00,150.00,6.00
EIDW,2026-05-02 19:00,160.00,6.00
EIDW,2026-05-02 20:00,150.00,6.00
EIDW,2026-05-02 21:00,150.00,5.00
EIDW,2026-05-02 22:00,M,2.00
EIDW,2026-05-02 23:00,90.00,2.00
EIDW,2026-05-03 00:00,M,2.00
EIDW,2026-05-03 01:00,110.00,5.00
EIDW,2026-05-03 02:00,110.00,3.00
EIDW,2026-05-03 03:00,90.00,6.00
EIDW,2026-05-03 04:00,90.00,5.00
EIDW,2026-05-03 05:00,90.00,5.00
EIDW,2026-05-03 06:00,100.00,4.00
EIDW,2026-05-03 07:00,90.00,7.00
EIDW,2026-05-03 08:00,70.00,6.00
EIDW,2026-05-03 09:00,70.00,8.00
EIDW,2026-05-03 10:00,60.00,8.00
EIDW,2026-05-03 11:00,50.00,8.00
EIDW,2026-05-03 12:00,50.00,8.00
EIDW,2026-05-03 13:00,50.00,9.00
EIDW,2026-05-03 14:00,50.00,9.00
EIDW,2026-05-03 15:00,70.00,9.00
EIDW,2026-05-03 16:00,50.00,8.00
EIDW,2026-05-03 17:00,60.00,9.00
EIDW,2026-05-03 18:00,60.00,11.00
EIDW,2026-05-03 19:00,60.00,9.00
EIDW,2026-05-03 20:00,50.00,8.00
EIDW,2026-05-03 21:00,50.00,9.00
EIDW,2026-05-03 22:00,40.00,9.00
EIDW,2026-05-03 23:00,50.00,9.00
EIDW,2026-05-04 00:00,50.00,8.00
EIDW,2026-05-04 01:00,50.00,6.00
EIDW,2026-05-04 02:00,40.00,5.00
EIDW,2026-05-04 03:00,20.00,4.00
EIDW,2026-05-04 04:00,30.00,4.00
EIDW,2026-05-04 05:00,20.00,6.00
EIDW,2026-05-04 06:00,20.00,7.00
EIDW,2026-05-04 07:00,M,7.00
EIDW,2026-05-04 08:00,10.00,8.00
EIDW,2026-05-04 09:00,30.00,9.00
EIDW,2026-05-04 10:00,20.00,6.00
EIDW,2026-05-04 11:00,10.00,6.00
EIDW,2026-05-04 12:00,M,5.00
EIDW,2026-05-04 13:00,60.00,7.00
EIDW,2026-05-04 14:00,30.00,6.00
EIDW,2026-05-04 15:00,110.00,6.00
EIDW,2026-05-04 16:00,120.00,4.00
EIDW,2026-05-04 17:00,170.00,3.00
EIDW,2026-05-04 18:00,M,2.00
EIDW,2026-05-04 19:00,130.00,3.00
EIDW,2026-05-04 20:00,180.00,3.00
EIDW,2026-05-04 21:00,180.00,4.00
EIDW,2026-05-04 22:00,240.00,3.00
EIDW,2026-05-04 23:00,360.00,3.00
EIDW,2026-05-05 00:00,330.00,4.00
EIDW,2026-05-05 01:00,330.00,4.00
EIDW,2026-05-05 02:00,280.00,6.00
EIDW,2026-05-05 03:00,300.00,5.00
EIDW,2026-05-05 04:00,310.00,7.00
EIDW,2026-05-05 05:00,310.00,8.00
EIDW,2026-05-05 06:00,300.00,7.00
EIDW,2026-05-05 07:00,320.00,6.00
EIDW,2026-05-05 08:00,330.00,8.00
EIDW,2026-05-05 09:00,350.00,8.00
EIDW,2026-05-05 10:00,320.00,7.00
EIDW,2026-05-05 11:00,20.00,7.00
EIDW,2026-05-05 12:00,40.00,6.00
EIDW,2026-05-05 13:00,50.00,6.00
EIDW,2026-05-05 14:00,10.00,7.00
EIDW,2026-05-05 15:00,70.00,5.00
EIDW,2026-05-05 16:00,M,2.00
EIDW,2026-05-05 17:00,20.00,6.00
EIDW,2026-05-05 18:00,50.00,7.00
EIDW,2026-05-05 19:00,100.00,5.00
EIDW,2026-05-05 20:00,100.00,4.00
EIDW,2026-05-05 21:00,100.00,2.00
EIDW,2026-05-05 22:00,M,2.00
EIDW,2026-05-05 23:00,350.00,5.00
EIDW,2026-05-06 00:00,350.00,6.00
EIDW,2026-05-06 01:00,300.00,5.00
EIDW,2026-05-06 02:00,300.00,4.00
EIDW,2026-05-06 03:00,270.00,5.00
EIDW,2026-05-06 04:00,280.00,7.00
EIDW,2026-05-06 05:00,290.00,7.00
EIDW,2026-05-06 06:00,270.00,4.00
EIDW,2026-05-06 07:00,290.00,5.00
EIDW,2026-05-06 08:00,310.00,3.00
EIDW,2026-05-06 09:30,290.00,3.00
EIDW,2026-05-06 10:00,M,3.00
EIDW,2026-05-06 11:00,360.00,3.00
EIDW,2026-05-06 12:00,70.00,4.00
EIDW,2026-05-06 13:00,80.00,8.00
EIDW,2026-05-06 14:00,110.00,8.00
EIDW,2026-05-06 15:00,110.00,8.00
EIDW,2026-05-06 16:00,140.00,7.00
EIDW,2026-05-06 17:00,140.00,6.00
EIDW,2026-05-06 18:00,150.00,6.00
EIDW,2026-05-06 19:00,130.00,6.00
EIDW,2026-05-06 20:00,150.00,6.00
EIDW,2026-05-06 21:00,190.00,4.00
EIDW,2026-05-06 22:00,M,2.00
EIDW,2026-05-06 23:00,210.00,4.00
EIDW,2026-05-07 00:00,210.00,5.00
EIDW,2026-05-07 01:00,220.00,5.00
EIDW,2026-05-07 02:00,220.00,6.00
EIDW,2026-05-07 03:00,210.00,5.00
EIDW,2026-05-07 04:00,200.00,3.00
EIDW,2026-05-07 05:00,M,2.00
EIDW,2026-05-07 06:00,M,1.00
EIDW,2026-05-07 07:00,200.00,4.00
EIDW,2026-05-07 08:00,220.00,4.00
EIDW,2026-05-07 09:00,210.00,7.00
EIDW,2026-05-07 10:00,120.00,7.00
EIDW,2026-05-07 11:00,140.00,8.00
EIDW,2026-05-07 12:00,140.00,7.00
EIDW,2026-05-07 13:00,140.00,9.00
EIDW,2026-05-07 14:00,140.00,9.00
EIDW,2026-05-07 15:00,M,4.00
EIDW,2026-05-07 16:00,220.00,8.00
EIDW,2026-05-07 17:00,170.00,6.00
EIDW,2026-05-07 18:00,180.00,4.00
EIDW,2026-05-07 19:00,240.00,6.00
EIDW,2026-05-07 20:00,230.00,7.00
EIDW,2026-05-07 21:00,230.00,7.00
EIDW,2026-05-07 22:00,230.00,8.00
EIDW,2026-05-07 23:00,220.00,6.00
EIDW,2026-05-08 00:00,250.00,5.00
EIDW,2026-05-08 01:00,260.00,4.00
EIDW,2026-05-08 02:00,260.00,4.00
EIDW,2026-05-08 03:00,280.00,4.00
EIDW,2026-05-08 04:00,240.00,3.00
EIDW,2026-05-08 05:00,280.00,2.00
EIDW,2026-05-08 06:00,M,2.00
EIDW,2026-05-08 07:00,M,2.00
EIDW,2026-05-08 08:00,M,3.00
EIDW,2026-05-08 09:00,M,3.00
EIDW,2026-05-08 10:00,30.00,3.00
EIDW,2026-05-08 11:00,60.00,6.00
EIDW,2026-05-08 12:00,90.00,7.00
EIDW,2026-05-08 13:00,80.00,8.00
EIDW,2026-05-08 14:00,70.00,9.00
EIDW,2026-05-08 15:00,80.00,9.00
EIDW,2026-05-08 16:00,80.00,8.00
EIDW,2026-05-08 17:00,70.00,9.00
EIDW,2026-05-08 18:00,60.00,9.00
EIDW,2026-05-08 19:00,40.00,9.00
EIDW,2026-05-08 20:00,40.00,9.00
EIDW,2026-05-08 21:00,30.00,9.00
EIDW,2026-05-08 22:00,30.00,8.00
EIDW,2026-05-08 23:00,30.00,9.00
EIDW,2026-05-09 00:00,40.00,7.00
EIDW,2026-05-09 01:00,360.00,6.00
EIDW,2026-05-09 02:00,10.00,5.00
EIDW,2026-05-09 03:00,10.00,8.00
EIDW,2026-05-09 04:00,350.00,6.00
EIDW,2026-05-09 05:00,350.00,6.00
EIDW,2026-05-09 06:00,340.00,7.00
EIDW,2026-05-09 07:00,360.00,12.00
EIDW,2026-05-09 08:00,360.00,12.00
EIDW,2026-05-09 09:00,20.00,13.00
EIDW,2026-05-09 10:00,10.00,15.00
EIDW,2026-05-09 11:00,20.00,13.00
EIDW,2026-05-09 12:00,20.00,11.00
EIDW,2026-05-09 13:00,20.00,13.00
EIDW,2026-05-09 14:00,30.00,15.00
EIDW,2026-05-09 15:00,20.00,14.00
EIDW,2026-05-09 16:00,40.00,15.00
EIDW,2026-05-09 17:00,30.00,16.00
EIDW,2026-05-09 18:00,60.00,12.00
EIDW,2026-05-09 19:00,40.00,13.00
EIDW,2026-05-09 20:00,40.00,10.00
EIDW,2026-05-09 21:00,360.00,11.00
EIDW,2026-05-09 22:00,360.00,11.00
EIDW,2026-05-09 23:00,350.00,10.00
EIDW,2026-05-10 00:00,350.00,10.00
EIDW,2026-05-10 01:00,10.00,8.00
EIDW,2026-05-10 02:00,350.00,8.00
EIDW,2026-05-10 03:00,350.00,7.00
EIDW,2026-05-10 04:00,340.00,8.00
EIDW,2026-05-10 05:00,340.00,4.00
EIDW,2026-05-10 06:00,360.00,9.00
EIDW,2026-05-10 07:00,10.00,9.00
EIDW,2026-05-10 08:00,10.00,13.00
EIDW,2026-05-10 09:00,10.00,14.00
EIDW,2026-05-10 10:00,40.00,11.00
EIDW,2026-05-10 11:00,30.00,11.00
EIDW,2026-05-10 12:00,70.00,11.00
EIDW,2026-05-10 13:00,70.00,10.00
EIDW,2026-05-10 14:00,40.00,7.00
EIDW,2026-05-10 15:00,50.00,6.00
EIDW,2026-05-10 16:00,60.00,7.00
EIDW,2026-05-10 17:00,100.00,7.00
EIDW,2026-05-10 18:00,80.00,5.00
EIDW,2026-05-10 19:00,100.00,3.00
EIDW,2026-05-10 20:00,M,2.00
EIDW,2026-05-10 21:00,310.00,6.00
EIDW,2026-05-10 22:00,310.00,9.00
EIDW,2026-05-10 23:00,310.00,9.00
EIDW,2026-05-11 00:00,300.00,11.00
EIDW,2026-05-11 01:00,280.00,9.00
EIDW,2026-05-11 02:00,280.00,11.00
EIDW,2026-05-11 03:00,280.00,8.00
EIDW,2026-05-11 04:00,280.00,10.00
EIDW,2026-05-11 05:00,270.00,9.00
EIDW,2026-05-11 06:00,290.00,12.00
EIDW,2026-05-11 07:00,290.00,12.00
EIDW,2026-05-11 08:00,310.00,8.00
EIDW,2026-05-11 09:00,10.00,10.00
EIDW,2026-05-11 10:00,10.00,10.00
EIDW,2026-05-11 11:00,20.00,11.00
EIDW,2026-05-11 12:00,20.00,9.00
EIDW,2026-05-11 13:00,90.00,9.00
EIDW,2026-05-11 14:00,80.00,7.00
EIDW,2026-05-11 15:00,90.00,8.00
EIDW,2026-05-11 16:00,100.00,5.00
EIDW,2026-05-11 17:00,110.00,5.00
EIDW,2026-05-11 18:00,120.00,5.00
EIDW,2026-05-11 19:00,160.00,6.00
EIDW,2026-05-11 20:00,140.00,4.00
EIDW,2026-05-11 21:00,130.00,4.00
EIDW,2026-05-11 22:00,150.00,3.00
EIDW,2026-05-11 23:00,M,1.00
EIDW,2026-05-12 00:00,280.00,6.00
EIDW,2026-05-12 01:00,280.00,8.00
EIDW,2026-05-12 02:00,280.00,10.00
EIDW,2026-05-12 03:00,280.00,9.00
EIDW,2026-05-12 04:00,280.00,10.00
EIDW,2026-05-12 05:00,280.00,13.00
EIDW,2026-05-12 06:00,270.00,13.00
EIDW,2026-05-12 07:00,270.00,12.00
EIDW,2026-05-12 08:00,290.00,15.00
EIDW,2026-05-12 09:00,310.00,17.00
EIDW,2026-05-12 10:00,300.00,19.00
EIDW,2026-05-12 11:00,300.00,20.00
EIDW,2026-05-12 12:30,300.00,21.00
EIDW,2026-05-12 13:00,310.00,19.00
EIDW,2026-05-12 14:00,300.00,20.00
EIDW,2026-05-12 15:00,300.00,19.00
EIDW,2026-05-12 16:00,310.00,19.00
EIDW,2026-05-12 17:00,300.00,16.00
EIDW,2026-05-12 18:00,290.00,15.00
EIDW,2026-05-12 19:00,280.00,20.00
EIDW,2026-05-12 20:00,280.00,17.00
EIDW,2026-05-12 21:00,280.00,17.00
EIDW,2026-05-12 22:00,260.00,11.00
EIDW,2026-05-12 23:00,270.00,14.00
EIDW,2026-05-13 00:00,280.00,15.00
EIDW,2026-05-13 01:00,280.00,17.00
EIDW,2026-05-13 02:00,270.00,13.00
EIDW,2026-05-13 03:00,290.00,15.00
EIDW,2026-05-13 04:00,280.00,16.00
EIDW,2026-05-13 05:00,280.00,19.00
EIDW,2026-05-13 06:00,280.00,17.00
EIDW,2026-05-13 07:00,290.00,19.00
EIDW,2026-05-13 08:00,290.00,21.00
EIDW,2026-05-13 09:00,300.00,17.00
EIDW,2026-05-13 10:00,320.00,18.00
EIDW,2026-05-13 11:00,310.00,21.00
EIDW,2026-05-13 12:00,320.00,20.00
EIDW,2026-05-13 13:00,300.00,18.00
EIDW,2026-05-13 14:00,300.00,19.00
EIDW,2026-05-13 15:00,320.00,18.00
EIDW,2026-05-13 16:00,310.00,16.00
EIDW,2026-05-13 17:00,310.00,15.00
EIDW,2026-05-13 18:00,320.00,19.00
EIDW,2026-05-13 19:00,310.00,18.00
EIDW,2026-05-13 20:00,320.00,15.00
EIDW,2026-05-13 21:00,320.00,14.00
EIDW,2026-05-13 22:00,290.00,11.00
EIDW,2026-05-13 23:00,300.00,12.00
EIDW,2026-05-14 00:00,300.00,13.00
EIDW,2026-05-14 01:00,290.00,11.00
EIDW,2026-05-14 02:00,290.00,10.00
EIDW,2026-05-14 03:00,300.00,10.00
EIDW,2026-05-14 04:00,300.00,12.00
EIDW,2026-05-14 05:00,290.00,10.00
EIDW,2026-05-14 06:00,300.00,11.00
EIDW,2026-05-14 07:00,310.00,13.00
EIDW,2026-05-14 08:00,310.00,13.00
EIDW,2026-05-14 09:00,320.00,14.00
EIDW,2026-05-14 10:00,320.00,15.00
EIDW,2026-05-14 11:00,340.00,14.00
EIDW,2026-05-14 12:00,320.00,15.00
EIDW,2026-05-14 13:00,350.00,16.00
EIDW,2026-05-14 14:00,340.00,21.00
EIDW,2026-05-14 15:00,350.00,20.00
EIDW,2026-05-14 16:00,350.00,12.00
EIDW,2026-05-14 17:00,350.00,17.00
EIDW,2026-05-14 18:00,340.00,18.00
EIDW,2026-05-14 19:00,350.00,15.00
EIDW,2026-05-14 20:00,350.00,15.00
EIDW,2026-05-14 21:00,340.00,12.00
EIDW,2026-05-14 22:00,320.00,9.00
EIDW,2026-05-14 23:00,320.00,10.00
EIDW,2026-05-15 00:00,310.00,10.00
EIDW,2026-05-15 01:00,290.00,6.00
EIDW,2026-05-15 02:00,280.00,6.00
EIDW,2026-05-15 03:00,280.00,10.00
EIDW,2026-05-15 04:00,290.00,11.00
EIDW,2026-05-15 05:00,290.00,10.00
EIDW,2026-05-15 06:00,270.00,7.00
EIDW,2026-05-15 07:00,300.00,11.00
EIDW,2026-05-15 08:00,310.00,11.00
EIDW,2026-05-15 09:00,330.00,8.00
EIDW,2026-05-15 10:00,310.00,8.00
EIDW,2026-05-15 11:00,330.00,11.00
EIDW,2026-05-15 12:00,330.00,12.00
EIDW,2026-05-15 13:00,350.00,6.00
EIDW,2026-05-15 14:00,290.00,13.00
EIDW,2026-05-15 15:00,340.00,5.00
EIDW,2026-05-15 16:00,290.00,12.00
EIDW,2026-05-15 17:00,300.00,13.00
EIDW,2026-05-15 18:00,300.00,14.00
EIDW,2026-05-15 19:00,290.00,12.00
EIDW,2026-05-15 20:00,290.00,8.00
EIDW,2026-05-15 21:00,300.00,7.00
EIDW,2026-05-15 22:00,290.00,7.00
EIDW,2026-05-15 23:00,290.00,5.00
EIDW,2026-05-16 00:00,300.00,6.00
EIDW,2026-05-16 01:00,280.00,5.00
EIDW,2026-05-16 02:00,280.00,3.00
EIDW,2026-05-16 03:00,M,2.00
EIDW,2026-05-16 04:00,M,1.00
EIDW,2026-05-16 05:00,M,1.00
EIDW,2026-05-16 06:00,240.00,4.00
EIDW,2026-05-16 07:00,250.00,4.00
EIDW,2026-05-16 08:00,240.00,6.00
EIDW,2026-05-16 09:00,250.00,7.00
EIDW,2026-05-16 10:00,250.00,7.00
EIDW,2026-05-16 11:00,230.00,6.00
EIDW,2026-05-16 12:00,230.00,6.00
EIDW,2026-05-16 13:00,230.00,7.00
EIDW,2026-05-16 14:00,290.00,14.00
EIDW,2026-05-16 15:00,290.00,10.00
EIDW,2026-05-16 16:00,280.00,13.00
EIDW,2026-05-16 17:00,290.00,12.00
EIDW,2026-05-16 18:00,270.00,11.00
EIDW,2026-05-16 19:00,290.00,10.00
EIDW,2026-05-16 20:00,280.00,8.00
EIDW,2026-05-16 21:00,280.00,6.00
EIDW,2026-05-16 22:00,270.00,6.00
EIDW,2026-05-16 23:00,260.00,8.00
EIDW,2026-05-17 00:00,250.00,6.00
EIDW,2026-05-17 01:00,240.00,6.00
EIDW,2026-05-17 02:00,240.00,5.00
EIDW,2026-05-17 03:00,240.00,7.00
EIDW,2026-05-17 04:00,240.00,6.00
EIDW,2026-05-17 05:00,240.00,6.00
EIDW,2026-05-17 06:00,250.00,6.00
EIDW,2026-05-17 07:00,230.00,7.00
EIDW,2026-05-17 08:00,240.00,8.00
EIDW,2026-05-17 09:00,240.00,9.00
EIDW,2026-05-17 10:00,240.00,8.00
EIDW,2026-05-17 11:00,230.00,8.00
EIDW,2026-05-17 12:00,260.00,9.00
EIDW,2026-05-17 13:00,220.00,10.00
EIDW,2026-05-17 14:00,230.00,10.00
EIDW,2026-05-17 15:00,220.00,13.00
EIDW,2026-05-17 16:00,250.00,8.00
EIDW,2026-05-17 17:00,240.00,8.00
EIDW,2026-05-17 18:00,250.00,8.00
EIDW,2026-05-17 19:00,230.00,7.00
EIDW,2026-05-17 20:00,230.00,5.00
EIDW,2026-05-17 21:00,240.00,6.00
EIDW,2026-05-17 22:00,230.00,5.00
EIDW,2026-05-17 23:00,240.00,6.00
EIDW,2026-05-18 00:00,260.00,6.00
EIDW,2026-05-18 01:00,260.00,5.00
EIDW,2026-05-18 02:00,260.00,5.00
EIDW,2026-05-18 03:00,250.00,5.00
EIDW,2026-05-18 04:00,260.00,6.00
EIDW,2026-05-18 05:00,260.00,5.00
EIDW,2026-05-18 06:00,250.00,5.00
EIDW,2026-05-18 07:00,230.00,5.00
EIDW,2026-05-18 08:00,240.00,4.00
EIDW,2026-05-18 09:00,230.00,5.00
EIDW,2026-05-18 10:00,230.00,5.00
EIDW,2026-05-18 11:00,M,5.00
EIDW,2026-05-18 12:00,140.00,9.00
EIDW,2026-05-18 13:00,140.00,10.00
EIDW,2026-05-18 14:00,140.00,10.00
EIDW,2026-05-18 15:00,170.00,8.00
EIDW,2026-05-18 16:00,150.00,9.00
EIDW,2026-05-18 17:00,160.00,8.00
EIDW,2026-05-18 18:00,160.00,9.00
EIDW,2026-05-18 19:00,160.00,12.00
EIDW,2026-05-18 20:00,150.00,13.00
EIDW,2026-05-18 21:00,150.00,12.00
EIDW,2026-05-18 22:00,150.00,11.00
EIDW,2026-05-18 23:00,160.00,13.00
EIDW,2026-05-19 00:00,150.00,9.00
EIDW,2026-05-19 01:00,150.00,5.00
EIDW,2026-05-19 02:00,190.00,6.00
EIDW,2026-05-19 03:00,200.00,13.00
EIDW,2026-05-19 04:00,220.00,12.00
EIDW,2026-05-19 05:00,210.00,8.00
EIDW,2026-05-19 06:00,190.00,5.00
EIDW,2026-05-19 07:00,170.00,8.00
EIDW,2026-05-19 08:00,180.00,6.00
EIDW,2026-05-19 09:00,210.00,11.00
EIDW,2026-05-19 10:00,220.00,14.00
EIDW,2026-05-19 11:00,200.00,10.00
EIDW,2026-05-19 12:00,210.00,13.00
EIDW,2026-05-19 13:00,210.00,12.00
EIDW,2026-05-19 14:00,200.00,11.00
EIDW,2026-05-19 15:00,210.00,15.00
EIDW,2026-05-19 16:00,210.00,14.00
EIDW,2026-05-19 17:00,210.00,15.00
EIDW,2026-05-19 18:00,210.00,11.00
EIDW,2026-05-19 19:00,230.00,9.00
EIDW,2026-05-19 20:00,220.00,8.00
EIDW,2026-05-19 21:00,230.00,9.00
EIDW,2026-05-19 22:00,240.00,8.00
EIDW,2026-05-19 23:00,250.00,9.00
EIDW,2026-05-20 00:00,240.00,7.00
EIDW,2026-05-20 01:00,240.00,8.00
EIDW,2026-05-20 02:00,240.00,7.00
EIDW,2026-05-20 03:00,230.00,9.00
EIDW,2026-05-20 04:00,230.00,10.00
EIDW,2026-05-20 05:00,230.00,9.00
EIDW,2026-05-20 06:00,230.00,10.00
EIDW,2026-05-20 07:00,230.00,9.00
EIDW,2026-05-20 08:00,230.00,10.00
EIDW,2026-05-20 09:00,240.00,9.00
EIDW,2026-05-20 10:00,250.00,7.00
EIDW,2026-05-20 11:00,250.00,11.00
EIDW,2026-05-20 12:00,250.00,11.00
EIDW,2026-05-20 13:00,250.00,9.00
EIDW,2026-05-20 14:00,260.00,8.00
EIDW,2026-05-20 15:00,250.00,9.00
EIDW,2026-05-20 16:00,250.00,9.00
EIDW,2026-05-20 17:00,230.00,9.00
EIDW,2026-05-20 18:00,250.00,6.00
EIDW,2026-05-20 19:00,240.00,5.00
EIDW,2026-05-20 20:00,220.00,10.00
EIDW,2026-05-20 21:00,200.00,9.00
EIDW,2026-05-20 22:00,210.00,8.00
EIDW,2026-05-20 23:00,160.00,6.00
EIDW,2026-05-21 00:00,140.00,5.00
EIDW,2026-05-21 01:00,150.00,5.00
EIDW,2026-05-21 02:00,M,2.00
EIDW,2026-05-21 03:00,190.00,3.00
EIDW,2026-05-21 04:00,220.00,7.00
EIDW,2026-05-21 05:00,220.00,9.00
EIDW,2026-05-21 06:00,230.00,10.00
EIDW,2026-05-21 07:00,220.00,9.00
EIDW,2026-05-21 08:00,210.00,7.00
EIDW,2026-05-21 09:00,210.00,5.00
EIDW,2026-05-21 10:00,210.00,10.00
EIDW,2026-05-21 11:00,220.00,9.00
EIDW,2026-05-21 12:00,220.00,9.00
EIDW,2026-05-21 13:00,200.00,10.00
EIDW,2026-05-21 14:00,200.00,8.00
EIDW,2026-05-21 15:00,190.00,8.00
EIDW,2026-05-21 16:00,220.00,6.00
EIDW,2026-05-21 17:00,120.00,3.00
EIDW,2026-05-21 18:00,150.00,7.00
EIDW,2026-05-21 19:00,150.00,4.00
EIDW,2026-05-21 20:00,130.00,7.00
EIDW,2026-05-21 21:00,100.00,7.00
EIDW,2026-05-21 22:00,100.00,5.00
EIDW,2026-05-21 23:00,M,2.00
EIDW,2026-05-22 00:00,170.00,10.00
EIDW,2026-05-22 01:00,170.00,9.00
EIDW,2026-05-22 02:00,170.00,6.00
EIDW,2026-05-22 03:00,190.00,8.00
EIDW,2026-05-22 04:00,M,3.00
EIDW,2026-05-22 05:00,M,2.00
EIDW,2026-05-22 06:00,200.00,11.00
EIDW,2026-05-22 07:00,230.00,10.00
EIDW,2026-05-22 08:00,230.00,5.00
EIDW,2026-05-22 09:00,220.00,6.00
EIDW,2026-05-22 10:00,230.00,10.00
EIDW,2026-05-22 11:00,250.00,9.00
EIDW,2026-05-22 12:00,230.00,9.00
EIDW,2026-05-22 13:00,250.00,10.00
EIDW,2026-05-22 14:00,220.00,11.00
EIDW,2026-05-22 15:00,230.00,9.00
EIDW,2026-05-22 16:00,230.00,8.00
EIDW,2026-05-22 17:00,230.00,9.00
EIDW,2026-05-22 18:00,220.00,10.00
EIDW,2026-05-22 19:00,220.00,7.00
EIDW,2026-05-22 20:00,210.00,10.00
EIDW,2026-05-22 21:00,210.00,9.00
EIDW,2026-05-22 22:00,220.00,6.00
EIDW,2026-05-22 23:00,230.00,7.00
EIDW,2026-05-23 00:00,230.00,8.00
EIDW,2026-05-23 01:00,230.00,7.00
EIDW,2026-05-23 02:00,240.00,5.00
EIDW,2026-05-23 03:00,250.00,3.00
EIDW,2026-05-23 04:00,260.00,4.00
EIDW,2026-05-23 05:00,250.00,4.00
EIDW,2026-05-23 06:00,230.00,6.00
EIDW,2026-05-23 07:00,250.00,7.00
EIDW,2026-05-23 08:00,240.00,7.00
EIDW,2026-05-23 09:00,240.00,7.00
EIDW,2026-05-23 10:00,240.00,7.00
EIDW,2026-05-23 11:00,220.00,6.00
EIDW,2026-05-23 12:00,150.00,7.00
EIDW,2026-05-23 13:00,130.00,7.00
EIDW,2026-05-23 14:00,220.00,5.00
EIDW,2026-05-23 15:00,240.00,9.00
EIDW,2026-05-23 16:00,260.00,8.00
EIDW,2026-05-23 17:00,240.00,7.00
EIDW,2026-05-23 18:00,260.00,8.00
EIDW,2026-05-23 19:00,260.00,6.00
EIDW,2026-05-23 20:00,240.00,7.00
EIDW,2026-05-23 21:00,210.00,8.00
EIDW,2026-05-23 22:00,230.00,7.00
EIDW,2026-05-23 23:00,230.00,6.00
EIDW,2026-05-24 00:00,240.00,9.00
EIDW,2026-05-24 01:00,250.00,6.00
EIDW,2026-05-24 02:00,250.00,5.00
EIDW,2026-05-24 03:00,210.00,4.00
EIDW,2026-05-24 04:00,240.00,3.00
EIDW,2026-05-24 05:00,230.00,3.00
EIDW,2026-05-24 06:00,M,2.00
EIDW,2026-05-24 07:00,220.00,4.00
EIDW,2026-05-24 08:00,210.00,6.00
EIDW,2026-05-24 09:00,M,4.00
EIDW,2026-05-24 10:00,240.00,7.00
EIDW,2026-05-24 11:00,190.00,6.00
EIDW,2026-05-24 12:00,150.00,6.00
EIDW,2026-05-24 13:30,M,5.00
EIDW,2026-05-24 14:00,150.00,5.00
EIDW,2026-05-24 15:00,M,4.00
EIDW,2026-05-24 16:00,M,4.00
EIDW,2026-05-24 17:00,110.00,6.00
EIDW,2026-05-24 18:00,110.00,5.00
EIDW,2026-05-24 19:00,100.00,5.00
EIDW,2026-05-24 20:00,120.00,4.00
EIDW,2026-05-24 21:00,M,1.00
EIDW,2026-05-24 22:00,M,2.00
EIDW,2026-05-24 23:00,M,1.00
EIDW,2026-05-25 00:00,240.00,3.00
EIDW,2026-05-25 01:00,260.00,5.00
EIDW,2026-05-25 02:00,270.00,5.00
EIDW,2026-05-25 03:00,260.00,5.00
EIDW,2026-05-25 04:00,280.00,6.00
EIDW,2026-05-25 05:00,280.00,6.00
EIDW,2026-05-25 06:00,M,1.00
EIDW,2026-05-25 07:00,320.00,3.00
EIDW,2026-05-25 08:00,M,2.00
EIDW,2026-05-25 09:00,70.00,3.00
EIDW,2026-05-25 10:00,90.00,6.00
EIDW,2026-05-25 11:00,100.00,6.00
EIDW,2026-05-25 12:00,100.00,7.00
EIDW,2026-05-25 13:00,100.00,7.00
EIDW,2026-05-25 14:00,100.00,9.00
EIDW,2026-05-25 15:00,100.00,8.00
EIDW,2026-05-25 16:00,90.00,10.00
EIDW,2026-05-25 17:00,80.00,8.00
EIDW,2026-05-25 18:00,90.00,7.00
EIDW,2026-05-25 19:00,100.00,6.00
EIDW,2026-05-25 20:00,90.00,5.00
EIDW,2026-05-25 21:00,90.00,4.00
EIDW,2026-05-25 22:00,M,2.00
EIDW,2026-05-25 23:00,20.00,5.00
EIDW,2026-05-26 00:00,30.00,4.00
EIDW,2026-05-26 01:00,360.00,3.00
EIDW,2026-05-26 02:00,20.00,5.00
EIDW,2026-05-26 03:00,30.00,5.00
EIDW,2026-05-26 04:00,30.00,5.00
EIDW,2026-05-26 05:00,70.00,6.00
EIDW,2026-05-26 06:00,60.00,7.00
EIDW,2026-05-26 07:00,60.00,5.00
EIDW,2026-05-26 08:00,60.00,7.00
EIDW,2026-05-26 09:00,40.00,8.00
EIDW,2026-05-26 10:00,80.00,8.00
EIDW,2026-05-26 11:00,80.00,9.00
EIDW,2026-05-26 12:00,70.00,9.00
EIDW,2026-05-26 13:00,70.00,9.00
EIDW,2026-05-26 14:00,70.00,8.00
EIDW,2026-05-26 15:00,70.00,11.00
EIDW,2026-05-26 16:00,70.00,10.00
EIDW,2026-05-26 17:00,90.00,8.00
EIDW,2026-05-26 18:00,80.00,7.00
EIDW,2026-05-26 19:00,80.00,8.00
EIDW,2026-05-26 20:00,100.00,4.00
EIDW,2026-05-26 21:00,70.00,7.00
EIDW,2026-05-26 22:00,80.00,5.00
EIDW,2026-05-26 23:00,110.00,3.00
EIDW,2026-05-27 00:00,140.00,3.00
EIDW,2026-05-27 01:00,40.00,5.00
EIDW,2026-05-27 02:00,30.00,6.00
EIDW,2026-05-27 03:00,50.00,10.00
EIDW,2026-05-27 04:00,30.00,7.00
EIDW,2026-05-27 05:00,40.00,8.00
EIDW,2026-05-27 06:00,50.00,7.00
EIDW,2026-05-27 07:00,60.00,10.00
EIDW,2026-05-27 08:00,60.00,12.00
EIDW,2026-05-27 09:00,60.00,13.00
EIDW,2026-05-27 10:00,60.00,13.00
EIDW,2026-05-27 11:00,60.00,11.00
EIDW,2026-05-27 12:00,70.00,12.00
EIDW,2026-05-27 13:00,60.00,12.00
EIDW,2026-05-27 14:00,70.00,13.00
EIDW,2026-05-27 15:00,60.00,11.00
EIDW,2026-05-27 16:00,70.00,9.00
EIDW,2026-05-27 17:00,50.00,9.00
EIDW,2026-05-27 18:00,40.00,10.00
EIDW,2026-05-27 19:00,80.00,6.00
EIDW,2026-05-27 20:00,50.00,7.00
EIDW,2026-05-27 21:00,360.00,4.00
EIDW,2026-05-27 22:00,M,2.00
EIDW,2026-05-27 23:00,30.00,3.00
EIDW,2026-05-28 00:00,100.00,8.00
EIDW,2026-05-28 01:00,110.00,4.00
EIDW,2026-05-28 02:00,130.00,7.00
EIDW,2026-05-28 03:30,130.00,7.00
EIDW,2026-05-28 04:00,120.00,9.00
EIDW,2026-05-28 05:00,140.00,9.00
EIDW,2026-05-28 06:00,150.00,7.00
EIDW,2026-05-28 07:00,120.00,8.00
EIDW,2026-05-28 08:00,130.00,8.00
EIDW,2026-05-28 09:00,130.00,8.00
EIDW,2026-05-28 10:00,140.00,8.00
EIDW,2026-05-28 11:00,150.00,9.00
EIDW,2026-05-28 12:00,160.00,7.00
EIDW,2026-05-28 13:00,150.00,6.00
EIDW,2026-05-28 14:00,130.00,7.00
EIDW,2026-05-28 15:00,260.00,8.00
EIDW,2026-05-28 16:00,240.00,13.00
EIDW,2026-05-28 17:00,230.00,13.00
EIDW,2026-05-28 18:00,220.00,13.00
EIDW,2026-05-28 19:00,230.00,11.00
EIDW,2026-05-28 20:00,220.00,11.00
EIDW,2026-05-28 21:00,220.00,12.00
EIDW,2026-05-28 22:00,210.00,9.00
EIDW,2026-05-28 23:00,200.00,9.00
EIDW,2026-05-29 00:00,210.00,9.00
EIDW,2026-05-29 01:00,230.00,8.00
EIDW,2026-05-29 02:00,230.00,10.00
EIDW,2026-05-29 03:00,230.00,10.00
EIDW,2026-05-29 04:00,230.00,11.00
EIDW,2026-05-29 05:00,240.00,10.00
EIDW,2026-05-29 06:00,230.00,10.00
EIDW,2026-05-29 07:00,230.00,12.00
EIDW,2026-05-29 08:00,240.00,13.00
EIDW,2026-05-29 09:00,240.00,9.00
EIDW,2026-05-29 10:00,250.00,11.00
EIDW,2026-05-29 11:00,260.00,11.00
EIDW,2026-05-29 12:00,250.00,11.00
EIDW,2026-05-29 13:00,260.00,9.00
EIDW,2026-05-29 14:00,260.00,8.00
EIDW,2026-05-29 15:00,240.00,10.00
EIDW,2026-05-29 16:00,270.00,8.00
EIDW,2026-05-29 17:00,270.00,7.00
EIDW,2026-05-29 18:00,250.00,6.00
EIDW,2026-05-29 19:00,290.00,7.00
EIDW,2026-05-29 20:00,M,1.00
EIDW,2026-05-29 21:00,310.00,4.00
EIDW,2026-05-29 22:00,M,1.00
EIDW,2026-05-29 23:00,230.00,3.00
EIDW,2026-05-30 00:00,270.00,4.00
EIDW,2026-05-30 01:00,M,2.00
EIDW,2026-05-30 02:00,M,2.00
EIDW,2026-05-30 03:00,230.00,5.00
EIDW,2026-05-30 04:00,200.00,4.00
EIDW,2026-05-30 05:00,200.00,3.00
EIDW,2026-05-30 06:00,210.00,5.00
EIDW,2026-05-30 07:00,260.00,5.00
EIDW,2026-05-30 08:00,240.00,4.00
EIDW,2026-05-30 09:00,250.00,4.00
EIDW,2026-05-30 10:00,220.00,7.00
EIDW,2026-05-30 11:00,230.00,5.00
EIDW,2026-05-30 12:00,230.00,4.00
EIDW,2026-05-30 13:00,160.00,6.00
EIDW,2026-05-30 14:00,M,3.00
EIDW,2026-05-30 15:00,M,6.00
EIDW,2026-05-30 16:00,130.00,6.00
EIDW,2026-05-30 17:00,190.00,11.00
EIDW,2026-05-30 18:00,210.00,13.00
EIDW,2026-05-30 19:00,220.00,12.00
EIDW,2026-05-30 20:00,210.00,11.00
EIDW,2026-05-30 21:00,270.00,7.00
EIDW,2026-05-30 22:00,220.00,6.00
EIDW,2026-05-30 23:00,240.00,3.00
EIDW,2026-05-31 00:00,250.00,4.00
EIDW,2026-05-31 01:00,250.00,5.00
EIDW,2026-05-31 02:00,240.00,6.00
EIDW,2026-05-31 03:00,250.00,6.00
EIDW,2026-05-31 04:00,250.00,8.00
EIDW,2026-05-31 05:00,260.00,7.00
EIDW,2026-05-31 06:00,230.00,5.00
EIDW,2026-05-31 07:00,270.00,7.00
EIDW,2026-05-31 08:00,250.00,6.00
EIDW,2026-05-31 09:00,240.00,7.00
EIDW,2026-05-31 10:00,270.00,7.00
EIDW,2026-05-31 11:00,290.00,10.00
EIDW,2026-05-31 12:00,270.00,11.00
EIDW,2026-05-31 13:00,270.00,9.00
EIDW,2026-05-31 14:00,230.00,7.00
EIDW,2026-05-31 15:00,250.00,6.00
EIDW,2026-05-31 16:00,240.00,7.00
EIDW,2026-05-31 17:00,240.00,6.00
EIDW,2026-05-31 18:00,240.00,6.00
EIDW,2026-05-31 19:00,230.00,6.00
EIDW,2026-05-31 20:00,220.00,7.00
EIDW,2026-05-31 21:00,200.00,7.00
EIDW,2026-05-31 22:00,190.00,7.00
EIDW,2026-05-31 23:00,220.00,8.00
EIDW,2026-06-01 00:00,210.00,6.00
EIDW,2026-06-01 01:00,210.00,8.00
EIDW,2026-06-01 02:00,220.00,9.00
EIDW,2026-06-01 03:00,220.00,9.00
EIDW,2026-06-01 04:00,210.00,8.00
EIDW,2026-06-01 05:00,220.00,9.00
EIDW,2026-06-01 06:00,230.00,7.00
EIDW,2026-06-01 07:00,230.00,10.00
EIDW,2026-06-01 08:00,220.00,8.00
EIDW,2026-06-01 09:00,210.00,8.00
EIDW,2026-06-01 10:00,210.00,5.00
EIDW,2026-06-01 11:00,230.00,6.00
EIDW,2026-06-01 12:00,210.00,6.00
EIDW,2026-06-01 13:00,150.00,7.00
EIDW,2026-06-01 14:00,M,2.00
EIDW,2026-06-01 15:00,220.00,11.00
EIDW,2026-06-01 16:00,230.00,7.00
EIDW,2026-06-01 17:00,210.00,8.00
EIDW,2026-06-01 18:00,210.00,8.00
EIDW,2026-06-01 19:00,220.00,7.00
EIDW,2026-06-01 20:00,230.00,5.00
EIDW,2026-06-01 21:00,230.00,3.00
EIDW,2026-06-01 22:00,260.00,3.00
EIDW,2026-06-01 23:00,280.00,4.00
EIDW,2026-06-02 00:00,280.00,4.00
EIDW,2026-06-02 01:00,300.00,4.00
EIDW,2026-06-02 02:00,220.00,4.00
EIDW,2026-06-02 03:00,M,2.00
EIDW,2026-06-02 04:00,280.00,6.00
EIDW,2026-06-02 05:00,290.00,11.00
EIDW,2026-06-02 06:00,290.00,5.00
EIDW,2026-06-02 07:00,290.00,7.00
EIDW,2026-06-02 08:00,280.00,10.00
EIDW,2026-06-02 09:00,280.00,12.00
EIDW,2026-06-02 10:00,280.00,11.00
EIDW,2026-06-02 11:00,290.00,12.00
EIDW,2026-06-02 12:00,260.00,9.00
EIDW,2026-06-02 13:00,280.00,16.00
EIDW,2026-06-02 14:00,290.00,15.00
EIDW,2026-06-02 15:00,300.00,16.00
EIDW,2026-06-02 16:00,290.00,18.00
EIDW,2026-06-02 17:00,270.00,14.00
EIDW,2026-06-02 18:00,270.00,10.00
EIDW,2026-06-02 19:00,270.00,11.00
EIDW,2026-06-02 20:00,260.00,8.00
EIDW,2026-06-02 21:00,260.00,7.00
EIDW,2026-06-02 22:00,250.00,7.00
EIDW,2026-06-02 23:00,250.00,7.00
EIDW,2026-06-03 00:00,240.00,5.00
EIDW,2026-06-03 01:00,220.00,7.00
EIDW,2026-06-03 02:00,210.00,7.00
EIDW,2026-06-03 03:00,190.00,5.00
EIDW,2026-06-03 04:00,150.00,5.00
EIDW,2026-06-03 05:00,160.00,8.00
EIDW,2026-06-03 06:00,150.00,7.00
EIDW,2026-06-03 07:00,160.00,10.00
EIDW,2026-06-03 08:00,170.00,8.00
EIDW,2026-06-03 09:00,240.00,9.00
EIDW,2026-06-03 10:00,240.00,11.00
EIDW,2026-06-03 11:00,230.00,12.00
EIDW,2026-06-03 12:00,220.00,14.00
EIDW,2026-06-03 13:00,250.00,12.00
EIDW,2026-06-03 14:00,240.00,8.00
EIDW,2026-06-03 15:00,270.00,13.00
EIDW,2026-06-03 16:00,260.00,14.00
EIDW,2026-06-03 17:00,240.00,14.00
EIDW,2026-06-03 18:00,240.00,11.00
EIDW,2026-06-03 19:00,240.00,11.00
EIDW,2026-06-03 20:00,240.00,11.00
EIDW,2026-06-03 21:00,230.00,10.00
EIDW,2026-06-03 22:00,230.00,13.00
EIDW,2026-06-03 23:00,220.00,11.00
EIDW,2026-06-04 00:00,230.00,13.00
EIDW,2026-06-04 01:00,240.00,8.00
EIDW,2026-06-04 02:00,250.00,8.00
EIDW,2026-06-04 03:00,250.00,9.00
EIDW,2026-06-04 04:00,260.00,9.00
EIDW,2026-06-04 05:00,270.00,11.00
EIDW,2026-06-04 06:00,260.00,12.00
EIDW,2026-06-04 07:00,270.00,13.00
EIDW,2026-06-04 08:00,260.00,11.00
EIDW,2026-06-04 09:00,270.00,13.00
EIDW,2026-06-04 10:00,270.00,15.00
EIDW,2026-06-04 11:00,280.00,19.00
EIDW,2026-06-04 12:00,280.00,22.00
EIDW,2026-06-04 13:00,270.00,17.00
EIDW,2026-06-04 14:00,280.00,19.00
EIDW,2026-06-04 15:00,280.00,19.00
EIDW,2026-06-04 16:00,290.00,20.00
EIDW,2026-06-04 17:00,280.00,14.00
EIDW,2026-06-04 18:00,290.00,16.00
EIDW,2026-06-04 19:00,290.00,16.00
EIDW,2026-06-04 20:00,280.00,15.00
EIDW,2026-06-04 21:00,290.00,19.00
EIDW,2026-06-04 22:00,280.00,12.00
EIDW,2026-06-04 23:00,260.00,7.00
EIDW,2026-06-05 00:00,250.00,8.00
EIDW,2026-06-05 01:00,260.00,9.00
EIDW,2026-06-05 02:00,260.00,11.00
EIDW,2026-06-05 03:00,250.00,8.00
EIDW,2026-06-05 04:00,250.00,9.00
EIDW,2026-06-05 05:00,250.00,8.00
EIDW,2026-06-05 06:00,230.00,8.00
EIDW,2026-06-05 07:00,220.00,9.00
EIDW,2026-06-05 08:00,230.00,8.00
EIDW,2026-06-05 09:00,230.00,8.00
EIDW,2026-06-05 10:00,230.00,9.00
EIDW,2026-06-05 11:00,200.00,9.00
EIDW,2026-06-05 12:00,210.00,10.00
EIDW,2026-06-05 13:00,210.00,7.00
EIDW,2026-06-05 14:00,150.00,8.00
EIDW,2026-06-05 15:00,140.00,10.00
EIDW,2026-06-05 16:00,200.00,12.00
EIDW,2026-06-05 17:00,210.00,14.00
EIDW,2026-06-05 18:00,190.00,9.00
EIDW,2026-06-05 19:00,160.00,10.00
EIDW,2026-06-05 20:00,160.00,8.00
EIDW,2026-06-05 21:00,160.00,7.00
EIDW,2026-06-05 22:00,150.00,9.00
EIDW,2026-06-05 23:00,140.00,11.00
EIDW,2026-06-06 00:00,130.00,12.00
EIDW,2026-06-06 01:00,130.00,11.00
EIDW,2026-06-06 02:00,130.00,12.00
EIDW,2026-06-06 03:00,120.00,17.00
EIDW,2026-06-06 04:00,110.00,18.00
EIDW,2026-06-06 05:00,110.00,17.00
EIDW,2026-06-06 06:00,110.00,16.00
EIDW,2026-06-06 07:00,100.00,16.00
EIDW,2026-06-06 08:00,110.00,12.00
EIDW,2026-06-06 09:00,150.00,8.00
EIDW,2026-06-06 10:00,130.00,8.00
EIDW,2026-06-06 11:00,140.00,7.00
EIDW,2026-06-06 12:00,150.00,8.00
EIDW,2026-06-06 13:00,150.00,8.00
EIDW,2026-06-06 14:00,180.00,3.00
EIDW,2026-06-06 15:00,290.00,16.00
EIDW,2026-06-06 16:00,290.00,16.00
EIDW,2026-06-06 17:00,290.00,14.00
EIDW,2026-06-06 18:00,270.00,13.00
EIDW,2026-06-06 19:00,270.00,12.00
EIDW,2026-06-06 20:00,270.00,8.00
EIDW,2026-06-06 21:00,230.00,5.00
EIDW,2026-06-06 22:00,210.00,6.00
EIDW,2026-06-06 23:00,210.00,7.00
EIDW,2026-06-07 00:00,220.00,8.00
EIDW,2026-06-07 01:00,210.00,10.00
EIDW,2026-06-07 02:00,210.00,8.00
EIDW,2026-06-07 03:00,210.00,9.00
EIDW,2026-06-07 04:00,220.00,11.00
EIDW,2026-06-07 05:00,220.00,9.00
EIDW,2026-06-07 06:00,210.00,9.00
EIDW,2026-06-07 07:00,210.00,12.00
EIDW,2026-06-07 08:00,210.00,11.00
EIDW,2026-06-07 09:00,210.00,14.00
EIDW,2026-06-07 10:00,200.00,14.00
EIDW,2026-06-07 11:00,200.00,15.00
EIDW,2026-06-07 12:00,210.00,15.00
EIDW,2026-06-07 13:00,210.00,14.00
EIDW,2026-06-07 14:00,210.00,17.00
EIDW,2026-06-07 15:00,210.00,17.00
EIDW,2026-06-07 16:00,210.00,15.00
EIDW,2026-06-07 17:00,210.00,13.00
EIDW,2026-06-07 18:00,210.00,14.00
EIDW,2026-06-07 19:00,210.00,9.00
EIDW,2026-06-07 20:00,260.00,3.00
EIDW,2026-06-07 21:00,M,2.00
EIDW,2026-06-07 22:00,M,2.00
EIDW,2026-06-07 23:00,260.00,5.00
EIDW,2026-06-08 00:00,260.00,5.00
EIDW,2026-06-08 01:00,260.00,8.00
EIDW,2026-06-08 02:00,270.00,10.00
EIDW,2026-06-08 03:00,270.00,8.00
EIDW,2026-06-08 04:00,270.00,10.00
EIDW,2026-06-08 05:00,260.00,7.00
EIDW,2026-06-08 06:00,240.00,5.00
EIDW,2026-06-08 07:00,250.00,6.00
EIDW,2026-06-08 08:00,270.00,10.00
EIDW,2026-06-08 09:00,260.00,9.00
EIDW,2026-06-08 10:00,250.00,8.00
EIDW,2026-06-08 11:00,250.00,8.00
EIDW,2026-06-08 12:00,260.00,10.00
EIDW,2026-06-08 13:00,270.00,11.00
EIDW,2026-06-08 14:00,230.00,10.00
EIDW,2026-06-08 15:00,260.00,9.00
EIDW,2026-06-08 16:00,240.00,8.00
EIDW,2026-06-08 17:00,260.00,9.00
EIDW,2026-06-08 18:00,260.00,11.00
EIDW,2026-06-08 19:00,220.00,10.00
EIDW,2026-06-08 20:00,240.00,7.00
EIDW,2026-06-08 21:00,230.00,7.00
EIDW,2026-06-08 22:00,230.00,6.00
EIDW,2026-06-08 23:00,240.00,8.00
EIDW,2026-06-09 00:00,240.00,9.00
EIDW,2026-06-09 01:00,230.00,8.00
EIDW,2026-06-09 02:00,240.00,7.00
EIDW,2026-06-09 03:00,240.00,8.00
EIDW,2026-06-09 04:00,240.00,9.00
EIDW,2026-06-09 05:00,240.00,10.00
EIDW,2026-06-09 06:00,230.00,10.00
EIDW,2026-06-09 07:00,240.00,10.00
EIDW,2026-06-09 08:00,250.00,11.00
EIDW,2026-06-09 09:00,260.00,12.00
EIDW,2026-06-09 10:00,280.00,18.00
EIDW,2026-06-09 11:00,270.00,13.00
EIDW,2026-06-09 12:00,270.00,15.00
EIDW,2026-06-09 13:00,290.00,24.00
EIDW,2026-06-09 14:00,260.00,10.00
EIDW,2026-06-09 15:00,240.00,9.00
EIDW,2026-06-09 16:00,280.00,14.00
EIDW,2026-06-09 17:00,270.00,11.00
EIDW,2026-06-09 18:00,240.00,10.00
EIDW,2026-06-09 19:00,260.00,6.00
EIDW,2026-06-09 20:00,250.00,8.00
EIDW,2026-06-09 21:00,260.00,5.00
EIDW,2026-06-09 22:00,280.00,7.00
EIDW,2026-06-09 23:00,250.00,4.00
EIDW,2026-06-10 00:00,250.00,4.00
EIDW,2026-06-10 01:00,250.00,5.00
EIDW,2026-06-10 02:00,250.00,6.00
EIDW,2026-06-10 03:00,250.00,5.00
EIDW,2026-06-10 04:00,240.00,6.00
EIDW,2026-06-10 05:00,250.00,6.00
EIDW,2026-06-10 06:00,250.00,7.00
EIDW,2026-06-10 07:00,250.00,8.00
EIDW,2026-06-10 08:00,270.00,11.00
EIDW,2026-06-10 09:00,280.00,11.00
EIDW,2026-06-10 10:00,290.00,13.00
EIDW,2026-06-10 11:00,270.00,10.00
EIDW,2026-06-10 12:00,300.00,15.00
EIDW,2026-06-10 13:00,290.00,10.00
EIDW,2026-06-10 14:00,290.00,15.00
EIDW,2026-06-10 15:00,300.00,14.00
EIDW,2026-06-10 16:00,310.00,16.00
EIDW,2026-06-10 17:00,290.00,5.00
EIDW,2026-06-10 18:00,270.00,8.00
EIDW,2026-06-10 19:00,280.00,14.00
EIDW,2026-06-10 20:00,280.00,11.00
EIDW,2026-06-10 21:00,260.00,8.00
EIDW,2026-06-10 22:00,250.00,6.00
EIDW,2026-06-10 23:00,240.00,4.00
EIDW,2026-06-11 00:00,230.00,8.00
EIDW,2026-06-11 01:00,220.00,7.00
EIDW,2026-06-11 02:00,210.00,5.00
EIDW,2026-06-11 03:00,190.00,7.00
EIDW,2026-06-11 04:00,160.00,5.00
EIDW,2026-06-11 05:00,150.00,4.00
EIDW,2026-06-11 06:00,170.00,6.00
EIDW,2026-06-11 07:00,180.00,7.00
EIDW,2026-06-11 08:00,220.00,10.00
EIDW,2026-06-11 09:00,250.00,10.00
EIDW,2026-06-11 10:00,260.00,13.00
EIDW,2026-06-11 11:00,260.00,13.00
EIDW,2026-06-11 12:00,260.00,11.00
EIDW,2026-06-11 13:00,270.00,15.00
EIDW,2026-06-11 14:00,260.00,11.00
EIDW,2026-06-11 15:00,260.00,13.00
EIDW,2026-06-11 16:00,260.00,14.00
EIDW,2026-06-11 17:00,270.00,14.00
EIDW,2026-06-11 18:00,270.00,15.00
EIDW,2026-06-11 19:00,270.00,14.00
EIDW,2026-06-11 20:00,260.00,12.00
EIDW,2026-06-11 21:00,260.00,10.00
EIDW,2026-06-11 22:00,260.00,9.00
EIDW,2026-06-11 23:00,260.00,8.00
EIDW,2026-06-12 00:00,260.00,10.00
EIDW,2026-06-12 01:00,250.00,7.00
EIDW,2026-06-12 02:00,260.00,10.00
EIDW,2026-06-12 03:00,260.00,8.00
EIDW,2026-06-12 04:00,240.00,6.00
EIDW,2026-06-12 05:00,240.00,8.00
EIDW,2026-06-12 06:00,250.00,10.00
EIDW,2026-06-12 07:00,240.00,9.00
EIDW,2026-06-12 08:00,250.00,11.00
EIDW,2026-06-12 09:00,270.00,16.00
EIDW,2026-06-12 10:00,270.00,20.00
EIDW,2026-06-12 11:00,270.00,18.00
EIDW,2026-06-12 12:00,270.00,19.00
EIDW,2026-06-12 13:00,270.00,18.00
EIDW,2026-06-12 14:00,270.00,14.00
EIDW,2026-06-12 15:00,270.00,21.00
EIDW,2026-06-12 16:00,270.00,20.00
EIDW,2026-06-12 17:00,270.00,21.00
EIDW,2026-06-12 18:00,270.00,16.00
EIDW,2026-06-12 19:00,270.00,16.00
EIDW,2026-06-12 20:00,270.00,12.00
EIDW,2026-06-12 21:00,270.00,11.00
EIDW,2026-06-12 22:00,270.00,13.00
EIDW,2026-06-12 23:00,270.00,13.00
EIDW,2026-06-13 00:00,270.00,12.00
EIDW,2026-06-13 01:00,260.00,10.00
EIDW,2026-06-13 02:00,260.00,10.00
EIDW,2026-06-13 03:00,260.00,9.00
EIDW,2026-06-13 04:00,270.00,11.00
EIDW,2026-06-13 05:00,270.00,13.00
EIDW,2026-06-13 06:00,270.00,12.00
EIDW,2026-06-13 07:00,260.00,9.00
EIDW,2026-06-13 08:00,280.00,15.00
EIDW,2026-06-13 09:00,280.00,15.00
EIDW,2026-06-13 10:00,290.00,15.00
EIDW,2026-06-13 11:00,290.00,14.00
EIDW,2026-06-13 12:00,300.00,16.00
EIDW,2026-06-13 13:00,280.00,13.00
EIDW,2026-06-13 14:00,290.00,15.00
EIDW,2026-06-13 15:00,290.00,13.00
EIDW,2026-06-13 16:00,280.00,13.00
EIDW,2026-06-13 17:00,280.00,10.00
EIDW,2026-06-13 18:00,290.00,11.00
EIDW,2026-06-13 19:00,310.00,7.00
EIDW,2026-06-13 20:00,60.00,5.00
EIDW,2026-06-13 21:00,350.00,5.00
EIDW,2026-06-13 22:00,360.00,4.00
EIDW,2026-06-13 23:00,300.00,5.00
EIDW,2026-06-14 00:00,310.00,5.00
EIDW,2026-06-14 01:00,300.00,4.00
EIDW,2026-06-14 02:00,290.00,4.00
EIDW,2026-06-14 03:00,320.00,4.00
EIDW,2026-06-14 04:00,310.00,4.00
EIDW,2026-06-14 05:00,330.00,4.00
EIDW,2026-06-14 06:00,360.00,5.00
EIDW,2026-06-14 07:00,30.00,7.00
EIDW,2026-06-14 08:00,M,4.00
EIDW,2026-06-14 09:00,100.00,6.00
EIDW,2026-06-14 10:00,90.00,5.00
EIDW,2026-06-14 11:00,90.00,6.00
EIDW,2026-06-14 12:00,100.00,6.00
EIDW,2026-06-14 13:00,100.00,10.00
EIDW,2026-06-14 14:00,80.00,10.00
EIDW,2026-06-14 15:00,100.00,9.00
EIDW,2026-06-14 16:00,90.00,9.00
EIDW,2026-06-14 17:00,110.00,8.00
EIDW,2026-06-14 18:00,100.00,10.00
EIDW,2026-06-14 19:00,100.00,8.00
EIDW,2026-06-14 20:00,100.00,7.00
EIDW,2026-06-14 21:00,100.00,7.00
EIDW,2026-06-14 22:00,100.00,6.00
EIDW,2026-06-14 23:00,100.00,8.00
EIDW,2026-06-15 00:00,100.00,7.00
EIDW,2026-06-15 01:00,90.00,6.00
EIDW,2026-06-15 02:00,100.00,5.00
EIDW,2026-06-15 03:00,90.00,5.00
EIDW,2026-06-15 04:00,90.00,4.00
EIDW,2026-06-15 05:00,90.00,6.00
EIDW,2026-06-15 06:00,100.00,6.00
EIDW,2026-06-15 07:00,90.00,8.00
EIDW,2026-06-15 08:00,120.00,8.00
EIDW,2026-06-15 09:00,90.00,7.00
EIDW,2026-06-15 10:00,110.00,6.00
EIDW,2026-06-15 11:00,130.00,9.00
EIDW,2026-06-15 12:00,120.00,11.00
EIDW,2026-06-15 13:00,M,8.00
EIDW,2026-06-15 14:00,100.00,8.00
EIDW,2026-06-15 15:00,80.00,10.00
EIDW,2026-06-15 16:00,90.00,8.00
EIDW,2026-06-15 17:00,90.00,8.00
EIDW,2026-06-15 18:00,130.00,6.00
EIDW,2026-06-15 19:00,150.00,3.00
EIDW,2026-06-15 20:00,160.00,3.00
EIDW,2026-06-15 21:00,M,1.00
EIDW,2026-06-15 22:00,M,2.00
EIDW,2026-06-15 23:00,M,2.00
EIDW,2026-06-16 00:00,240.00,4.00
EIDW,2026-06-16 01:00,240.00,3.00
EIDW,2026-06-16 02:00,260.00,2.00
EIDW,2026-06-16 03:00,210.00,2.00
EIDW,2026-06-16 04:00,M,2.00
EIDW,2026-06-16 05:00,M,2.00
EIDW,2026-06-16 06:00,150.00,4.00
EIDW,2026-06-16 07:00,150.00,4.00
EIDW,2026-06-16 08:00,M,2.00
EIDW,2026-06-16 09:00,250.00,6.00
EIDW,2026-06-16 10:00,220.00,5.00
EIDW,2026-06-16 11:00,M,3.00
EIDW,2026-06-16 12:00,250.00,7.00
EIDW,2026-06-16 13:00,M,6.00
EIDW,2026-06-16 14:00,170.00,8.00
EIDW,2026-06-16 15:00,230.00,11.00
EIDW,2026-06-16 16:00,220.00,10.00
EIDW,2026-06-16 17:00,260.00,8.00
EIDW,2026-06-16 18:00,240.00,7.00
EIDW,2026-06-16 19:00,230.00,5.00
EIDW,2026-06-16 20:00,240.00,5.00
EIDW,2026-06-16 21:00,230.00,6.00
EIDW,2026-06-16 22:00,220.00,6.00
EIDW,2026-06-16 23:00,230.00,4.00
EIDW,2026-06-17 00:00,240.00,4.00
EIDW,2026-06-17 01:00,250.00,5.00
EIDW,2026-06-17 02:00,230.00,5.00
EIDW,2026-06-17 03:00,230.00,7.00
EIDW,2026-06-17 04:00,250.00,5.00
EIDW,2026-06-17 05:00,240.00,5.00
EIDW,2026-06-17 06:00,230.00,6.00
EIDW,2026-06-17 07:00,240.00,7.00
EIDW,2026-06-17 08:00,240.00,10.00
EIDW,2026-06-17 09:00,250.00,8.00
EIDW,2026-06-17 10:00,260.00,9.00
EIDW,2026-06-17 11:00,230.00,9.00
EIDW,2026-06-17 12:00,260.00,8.00
EIDW,2026-06-17 13:00,250.00,8.00
EIDW,2026-06-17 14:00,240.00,9.00
EIDW,2026-06-17 15:00,220.00,9.00
EIDW,2026-06-17 16:00,230.00,8.00
EIDW,2026-06-17 17:00,240.00,7.00
EIDW,2026-06-17 18:00,230.00,9.00
EIDW,2026-06-17 19:00,210.00,9.00
EIDW,2026-06-17 20:00,210.00,8.00
EIDW,2026-06-17 21:00,220.00,10.00
EIDW,2026-06-17 22:00,220.00,9.00
EIDW,2026-06-17 23:00,220.00,8.00
EIDW,2026-06-18 00:00,230.00,8.00
EIDW,2026-06-18 01:00,210.00,3.00
EIDW,2026-06-18 02:00,190.00,4.00
EIDW,2026-06-18 03:00,230.00,5.00
EIDW,2026-06-18 04:00,M,2.00
EIDW,2026-06-18 05:00,160.00,5.00
EIDW,2026-06-18 06:00,160.00,5.00
EIDW,2026-06-18 07:00,140.00,5.00
EIDW,2026-06-18 08:00,160.00,3.00
EIDW,2026-06-18 09:00,150.00,4.00
EIDW,2026-06-18 10:00,230.00,9.00
EIDW,2026-06-18 11:00,220.00,9.00
EIDW,2026-06-18 12:00,200.00,12.00
EIDW,2026-06-18 13:00,220.00,12.00
EIDW,2026-06-18 14:00,210.00,14.00
EIDW,2026-06-18 15:00,220.00,15.00
EIDW,2026-06-18 16:00,230.00,11.00
EIDW,2026-06-18 17:00,210.00,15.00
EIDW,2026-06-18 18:00,210.00,10.00
EIDW,2026-06-18 19:00,220.00,9.00
EIDW,2026-06-18 20:00,220.00,9.00
EIDW,2026-06-18 21:00,210.00,8.00
EIDW,2026-06-18 22:00,200.00,7.00
EIDW,2026-06-18 23:00,220.00,7.00
EIDW,2026-06-19 00:00,210.00,5.00
EIDW,2026-06-19 01:00,190.00,8.00
EIDW,2026-06-19 02:00,190.00,12.00
EIDW,2026-06-19 03:00,190.00,11.00
EIDW,2026-06-19 04:00,180.00,9.00
EIDW,2026-06-19 05:00,200.00,10.00
EIDW,2026-06-19 06:00,210.00,8.00
EIDW,2026-06-19 07:00,200.00,7.00
EIDW,2026-06-19 08:00,210.00,4.00
EIDW,2026-06-19 09:00,160.00,4.00
EIDW,2026-06-19 10:00,210.00,10.00
EIDW,2026-06-19 11:00,200.00,13.00
EIDW,2026-06-19 12:00,210.00,15.00
EIDW,2026-06-19 13:00,280.00,9.00
EIDW,2026-06-19 14:00,260.00,5.00
EIDW,2026-06-19 15:00,220.00,11.00
EIDW,2026-06-19 16:00,290.00,7.00
EIDW,2026-06-19 17:00,240.00,3.00
EIDW,2026-06-19 18:00,310.00,6.00
EIDW,2026-06-19 19:00,300.00,4.00
EIDW,2026-06-19 20:00,160.00,4.00
EIDW,2026-06-19 21:00,M,1.00
EIDW,2026-06-19 22:00,270.00,5.00
EIDW,2026-06-19 23:00,270.00,6.00
EIDW,2026-06-20 00:00,260.00,5.00
EIDW,2026-06-20 01:00,270.00,11.00
EIDW,2026-06-20 02:00,260.00,9.00
EIDW,2026-06-20 03:00,270.00,8.00
EIDW,2026-06-20 04:00,240.00,5.00
EIDW,2026-06-20 05:00,240.00,4.00
EIDW,2026-06-20 06:00,240.00,5.00
EIDW,2026-06-20 07:00,250.00,5.00
EIDW,2026-06-20 08:00,280.00,10.00
EIDW,2026-06-20 09:00,280.00,7.00
EIDW,2026-06-20 10:00,290.00,9.00
EIDW,2026-06-20 11:00,290.00,9.00
EIDW,2026-06-20 12:00,260.00,6.00
EIDW,2026-06-20 13:00,280.00,5.00
EIDW,2026-06-20 14:00,330.00,7.00
EIDW,2026-06-20 15:00,270.00,5.00
EIDW,2026-06-20 16:00,130.00,7.00
EIDW,2026-06-20 17:00,150.00,6.00
EIDW,2026-06-20 18:00,140.00,7.00
EIDW,2026-06-20 19:00,150.00,7.00
EIDW,2026-06-20 20:00,140.00,5.00
EIDW,2026-06-20 21:00,140.00,5.00
EIDW,2026-06-20 22:00,150.00,3.00
EIDW,2026-06-20 23:00,M,2.00
EIDW,2026-06-21 00:00,300.00,3.00
EIDW,2026-06-21 01:00,340.00,2.00
EIDW,2026-06-21 02:00,290.00,2.00
EIDW,2026-06-21 03:00,M,1.00
EIDW,2026-06-21 04:00,320.00,3.00
EIDW,2026-06-21 05:00,350.00,4.00
EIDW,2026-06-21 06:00,10.00,3.00
EIDW,2026-06-21 07:00,60.00,4.00
EIDW,2026-06-21 08:00,90.00,6.00
EIDW,2026-06-21 09:00,100.00,7.00
EIDW,2026-06-21 10:00,90.00,8.00
EIDW,2026-06-21 11:00,80.00,9.00
EIDW,2026-06-21 12:00,90.00,9.00
EIDW,2026-06-21 13:00,80.00,9.00
EIDW,2026-06-21 14:00,70.00,9.00
EIDW,2026-06-21 15:00,70.00,9.00
EIDW,2026-06-21 16:00,60.00,8.00
EIDW,2026-06-21 17:00,70.00,8.00
EIDW,2026-06-21 18:00,80.00,7.00
EIDW,2026-06-21 19:00,50.00,7.00
EIDW,2026-06-21 20:00,80.00,6.00
EIDW,2026-06-21 21:00,70.00,5.00
EIDW,2026-06-21 22:00,90.00,3.00
EIDW,2026-06-21 23:00,40.00,5.00
EIDW,2026-06-22 00:00,40.00,4.00
EIDW,2026-06-22 01:00,60.00,4.00
EIDW,2026-06-22 02:00,M,2.00
EIDW,2026-06-22 03:00,M,2.00
EIDW,2026-06-22 04:00,M,2.00
EIDW,2026-06-22 05:00,20.00,4.00
EIDW,2026-06-22 06:00,30.00,5.00
EIDW,2026-06-22 07:00,50.00,9.00
EIDW,2026-06-22 08:00,50.00,6.00
EIDW,2026-06-22 09:00,90.00,4.00
EIDW,2026-06-22 10:00,40.00,3.00
EIDW,2026-06-22 11:00,M,2.00
EIDW,2026-06-22 12:00,30.00,5.00
EIDW,2026-06-22 13:00,70.00,6.00
EIDW,2026-06-22 14:00,90.00,7.00
EIDW,2026-06-22 15:00,70.00,6.00
EIDW,2026-06-22 16:00,100.00,7.00
EIDW,2026-06-22 17:00,90.00,8.00
EIDW,2026-06-22 18:00,90.00,7.00
EIDW,2026-06-22 19:00,90.00,6.00
EIDW,2026-06-22 20:00,90.00,5.00
EIDW,2026-06-22 21:00,60.00,6.00
EIDW,2026-06-22 22:00,70.00,5.00
EIDW,2026-06-22 23:00,M,1.00
EIDW,2026-06-23 00:00,350.00,5.00
EIDW,2026-06-23 01:00,280.00,2.00
EIDW,2026-06-23 02:00,280.00,4.00
EIDW,2026-06-23 03:00,290.00,2.00
EIDW,2026-06-23 04:00,310.00,2.00
EIDW,2026-06-23 05:00,300.00,3.00
EIDW,2026-06-23 06:00,300.00,4.00
EIDW,2026-06-23 07:00,240.00,3.00
EIDW,2026-06-23 08:00,230.00,3.00
EIDW,2026-06-23 09:00,260.00,4.00
EIDW,2026-06-23 10:00,M,3.00
EIDW,2026-06-23 11:00,300.00,6.00
EIDW,2026-06-23 12:00,290.00,5.00
EIDW,2026-06-23 13:00,310.00,6.00
EIDW,2026-06-23 14:00,150.00,5.00
EIDW,2026-06-23 15:00,120.00,4.00
EIDW,2026-06-23 16:00,140.00,4.00
EIDW,2026-06-23 17:00,110.00,6.00
EIDW,2026-06-23 18:00,140.00,5.00
EIDW,2026-06-23 19:00,M,3.00
EIDW,2026-06-23 20:00,300.00,6.00
EIDW,2026-06-23 21:00,300.00,6.00
EIDW,2026-06-23 22:00,280.00,7.00
EIDW,2026-06-23 23:00,280.00,8.00
EIDW,2026-06-24 00:00,300.00,10.00
EIDW,2026-06-24 01:00,10.00,6.00
EIDW,2026-06-24 02:00,M,1.00
EIDW,2026-06-24 03:00,130.00,2.00
EIDW,2026-06-24 04:00,M,1.00
EIDW,2026-06-24 05:00,0.00,0.00
EIDW,2026-06-24 06:00,M,2.00
EIDW,2026-06-24 07:00,100.00,3.00
EIDW,2026-06-24 08:00,110.00,3.00
EIDW,2026-06-24 09:00,100.00,3.00
EIDW,2026-06-24 10:00,60.00,4.00
EIDW,2026-06-24 11:00,100.00,5.00
EIDW,2026-06-24 12:00,100.00,5.00
EIDW,2026-06-24 13:00,80.00,5.00
EIDW,2026-06-24 14:00,80.00,5.00
EIDW,2026-06-24 15:00,90.00,6.00
EIDW,2026-06-24 16:00,90.00,6.00
EIDW,2026-06-24 17:00,100.00,7.00
EIDW,2026-06-24 18:00,100.00,8.00
EIDW,2026-06-24 19:00,100.00,8.00
EIDW,2026-06-24 20:00,100.00,8.00
EIDW,2026-06-24 21:00,90.00,6.00
EIDW,2026-06-24 22:00,70.00,6.00
EIDW,2026-06-24 23:00,40.00,4.00
EIDW,2026-06-25 00:00,100.00,5.00
EIDW,2026-06-25 01:00,50.00,5.00
EIDW,2026-06-25 02:00,40.00,7.00
EIDW,2026-06-25 03:00,80.00,3.00
EIDW,2026-06-25 04:00,110.00,4.00
EIDW,2026-06-25 05:00,90.00,6.00
EIDW,2026-06-25 06:00,100.00,4.00
EIDW,2026-06-25 07:00,80.00,7.00
EIDW,2026-06-25 08:00,90.00,9.00
EIDW,2026-06-25 09:00,70.00,8.00
EIDW,2026-06-25 10:00,80.00,10.00
EIDW,2026-06-25 11:00,70.00,9.00
EIDW,2026-06-25 12:00,90.00,8.00
EIDW,2026-06-25 13:00,90.00,8.00
EIDW,2026-06-25 14:00,100.00,10.00
EIDW,2026-06-25 15:00,100.00,10.00
EIDW,2026-06-25 16:00,90.00,7.00
EIDW,2026-06-25 17:00,100.00,6.00
EIDW,2026-06-25 18:00,80.00,5.00
EIDW,2026-06-25 19:00,100.00,5.00
EIDW,2026-06-25 20:00,110.00,4.00
EIDW,2026-06-25 21:00,290.00,4.00
EIDW,2026-06-25 22:00,180.00,3.00
EIDW,2026-06-25 23:00,300.00,4.00
EIDW,2026-06-26 00:00,230.00,3.00
EIDW,2026-06-26 01:00,160.00,4.00
EIDW,2026-06-26 02:00,M,5.00
EIDW,2026-06-26 03:00,320.00,5.00
EIDW,2026-06-26 04:00,M,2.00
EIDW,2026-06-26 05:00,M,2.00
EIDW,2026-06-26 06:00,90.00,7.00
EIDW,2026-06-26 07:00,60.00,8.00
EIDW,2026-06-26 08:00,30.00,5.00
EIDW,2026-06-26 09:00,M,5.00
EIDW,2026-06-26 10:00,60.00,8.00
EIDW,2026-06-26 11:00,70.00,10.00
EIDW,2026-06-26 12:00,70.00,10.00
EIDW,2026-06-26 13:00,90.00,10.00
EIDW,2026-06-26 14:00,100.00,10.00
EIDW,2026-06-26 15:00,110.00,7.00
EIDW,2026-06-26 16:00,20.00,5.00
EIDW,2026-06-26 17:00,190.00,17.00
EIDW,2026-06-26 18:00,200.00,15.00
EIDW,2026-06-26 19:00,200.00,17.00
EIDW,2026-06-26 20:00,210.00,17.00
EIDW,2026-06-26 21:00,200.00,14.00
EIDW,2026-06-26 22:00,210.00,15.00
EIDW,2026-06-26 23:00,210.00,9.00
EIDW,2026-06-27 00:00,210.00,9.00
EIDW,2026-06-27 01:00,190.00,6.00
EIDW,2026-06-27 02:00,200.00,9.00
EIDW,2026-06-27 03:00,220.00,5.00
EIDW,2026-06-27 04:00,190.00,5.00
EIDW,2026-06-27 05:00,M,5.00
EIDW,2026-06-27 06:00,190.00,10.00
EIDW,2026-06-27 07:00,180.00,11.00
EIDW,2026-06-27 08:00,180.00,13.00
EIDW,2026-06-27 09:00,170.00,13.00
EIDW,2026-06-27 10:00,160.00,14.00
EIDW,2026-06-27 11:00,160.00,13.00
EIDW,2026-06-27 12:00,200.00,16.00
EIDW,2026-06-27 13:00,180.00,12.00
EIDW,2026-06-27 14:00,170.00,13.00
EIDW,2026-06-27 15:00,210.00,21.00
EIDW,2026-06-27 16:00,200.00,18.00
EIDW,2026-06-27 17:00,200.00,14.00
EIDW,2026-06-27 18:00,160.00,10.00
EIDW,2026-06-27 19:00,190.00,9.00
EIDW,2026-06-27 20:00,210.00,11.00
EIDW,2026-06-27 21:00,210.00,12.00
EIDW,2026-06-27 22:00,210.00,10.00
EIDW,2026-06-27 23:00,200.00,7.00
EIDW,2026-06-28 00:00,210.00,10.00
EIDW,2026-06-28 01:00,230.00,8.00
EIDW,2026-06-28 02:00,230.00,8.00
EIDW,2026-06-28 03:00,260.00,6.00
EIDW,2026-06-28 04:00,250.00,8.00
EIDW,2026-06-28 05:00,260.00,6.00
EIDW,2026-06-28 06:00,240.00,7.00
EIDW,2026-06-28 07:00,230.00,8.00
EIDW,2026-06-28 08:00,230.00,10.00
EIDW,2026-06-28 09:00,250.00,10.00
EIDW,2026-06-28 10:00,240.00,10.00
EIDW,2026-06-28 11:00,270.00,12.00
EIDW,2026-06-28 12:00,230.00,12.00
EIDW,2026-06-28 13:00,230.00,14.00
EIDW,2026-06-28 14:00,230.00,11.00
EIDW,2026-06-28 15:00,250.00,11.00
EIDW,2026-06-28 16:00,220.00,11.00
EIDW,2026-06-28 17:00,250.00,11.00
EIDW,2026-06-28 18:00,270.00,14.00
EIDW,2026-06-28 19:00,270.00,12.00
EIDW,2026-06-28 20:00,260.00,10.00
EIDW,2026-06-28 21:00,250.00,6.00
EIDW,2026-06-28 22:00,250.00,8.00
EIDW,2026-06-28 23:00,250.00,9.00
EIDW,2026-06-29 00:00,260.00,10.00
EIDW,2026-06-29 01:00,250.00,8.00
EIDW,2026-06-29 02:00,250.00,8.00
EIDW,2026-06-29 03:00,230.00,7.00
EIDW,2026-06-29 04:00,230.00,9.00
EIDW,2026-06-29 05:00,230.00,7.00
EIDW,2026-06-29 06:00,230.00,7.00
EIDW,2026-06-29 07:00,230.00,5.00
EIDW,2026-06-29 08:00,230.00,6.00
EIDW,2026-06-29 09:00,230.00,8.00
EIDW,2026-06-29 10:00,240.00,6.00
EIDW,2026-06-29 11:00,220.00,10.00
EIDW,2026-06-29 12:00,210.00,7.00
EIDW,2026-06-29 13:00,230.00,9.00
EIDW,2026-06-29 14:00,260.00,6.00
EIDW,2026-06-29 15:00,230.00,4.00
EIDW,2026-06-29 16:00,210.00,8.00
EIDW,2026-06-29 17:00,220.00,11.00
EIDW,2026-06-29 18:00,210.00,9.00
EIDW,2026-06-29 19:00,230.00,8.00
EIDW,2026-06-29 20:00,240.00,4.00
EIDW,2026-06-29 21:00,130.00,3.00
EIDW,2026-06-29 22:00,220.00,4.00
EIDW,2026-06-29 23:00,180.00,7.00
EIDW,2026-06-30 00:00,170.00,7.00
EIDW,2026-06-30 01:00,160.00,7.00
EIDW,2026-06-30 02:00,150.00,8.00
EIDW,2026-06-30 03:00,160.00,7.00
EIDW,2026-06-30 04:00,160.00,10.00
EIDW,2026-06-30 05:00,160.00,8.00
EIDW,2026-06-30 06:00,160.00,7.00
EIDW,2026-06-30 07:00,150.00,6.00
EIDW,2026-06-30 08:00,160.00,8.00
EIDW,2026-06-30 09:00,170.00,5.00
EIDW,2026-06-30 10:00,210.00,10.00
EIDW,2026-06-30 11:00,220.00,9.00
EIDW,2026-06-30 12:00,280.00,5.00
EIDW,2026-06-30 13:00,290.00,12.00
EIDW,2026-06-30 14:00,M,5.00
EIDW,2026-06-30 15:00,280.00,13.00
EIDW,2026-06-30 16:00,300.00,11.00
EIDW,2026-06-30 17:00,310.00,10.00
EIDW,2026-06-30 18:00,290.00,11.00
EIDW,2026-06-30 19:00,270.00,10.00
EIDW,2026-06-30 20:00,280.00,10.00
EIDW,2026-06-30 21:00,290.00,10.00
EIDW,2026-06-30 22:00,290.00,12.00
EIDW,2026-06-30 23:00,290.00,12.00
EIDW,2026-07-01 00:00,280.00,10.00
EIDW,2026-07-01 01:00,290.00,12.00
EIDW,2026-07-01 02:00,290.00,10.00
EIDW,2026-07-01 03:00,290.00,8.00
EIDW,2026-07-01 04:00,290.00,9.00
EIDW,2026-07-01 05:00,290.00,10.00
EIDW,2026-07-01 06:00,290.00,10.00
EIDW,2026-07-01 07:00,280.00,10.00
EIDW,2026-07-01 08:00,290.00,9.00
EIDW,2026-07-01 09:00,280.00,10.00
EIDW,2026-07-01 10:00,240.00,7.00
EIDW,2026-07-01 11:00,260.00,6.00
EIDW,2026-07-01 12:00,220.00,9.00
EIDW,2026-07-01 13:00,200.00,9.00
EIDW,2026-07-01 14:00,210.00,9.00
EIDW,2026-07-01 15:00,210.00,11.00
EIDW,2026-07-01 16:00,220.00,12.00
EIDW,2026-07-01 17:00,220.00,12.00
EIDW,2026-07-01 18:00,230.00,15.00
EIDW,2026-07-01 19:00,230.00,13.00
EIDW,2026-07-01 20:00,240.00,12.00
EIDW,2026-07-01 21:00,230.00,12.00
EIDW,2026-07-01 22:00,260.00,11.00
EIDW,2026-07-01 23:00,260.00,13.00
EIDW,2026-07-02 00:00,270.00,17.00
EIDW,2026-07-02 01:00,270.00,13.00
EIDW,2026-07-02 02:00,280.00,14.00
EIDW,2026-07-02 03:00,280.00,16.00
EIDW,2026-07-02 04:00,280.00,16.00
EIDW,2026-07-02 05:00,280.00,14.00
EIDW,2026-07-02 06:00,280.00,13.00
EIDW,2026-07-02 07:00,280.00,13.00
EIDW,2026-07-02 08:00,300.00,14.00
EIDW,2026-07-02 09:00,290.00,15.00
EIDW,2026-07-02 10:00,300.00,16.00
EIDW,2026-07-02 11:00,300.00,18.00
EIDW,2026-07-02 12:00,300.00,15.00
EIDW,2026-07-02 13:00,300.00,15.00
EIDW,2026-07-02 14:00,300.00,14.00
EIDW,2026-07-02 15:00,290.00,12.00
EIDW,2026-07-02 16:00,290.00,13.00
EIDW,2026-07-02 17:00,280.00,10.00
EIDW,2026-07-02 18:00,300.00,8.00
EIDW,2026-07-02 19:00,290.00,9.00
EIDW,2026-07-02 20:00,310.00,5.00
EIDW,2026-07-02 21:00,300.00,4.00
EIDW,2026-07-02 22:00,280.00,4.00
EIDW,2026-07-02 23:00,290.00,6.00
EIDW,2026-07-03 00:00,240.00,4.00
EIDW,2026-07-03 01:00,250.00,4.00
EIDW,2026-07-03 02:00,250.00,5.00
EIDW,2026-07-03 03:00,250.00,5.00
EIDW,2026-07-03 04:00,250.00,4.00
EIDW,2026-07-03 05:00,250.00,4.00
EIDW,2026-07-03 06:00,280.00,6.00
EIDW,2026-07-03 07:00,250.00,5.00
EIDW,2026-07-03 08:00,250.00,7.00
EIDW,2026-07-03 09:00,270.00,6.00
EIDW,2026-07-03 10:00,230.00,7.00
EIDW,2026-07-03 11:00,210.00,8.00
EIDW,2026-07-03 12:00,M,9.00
EIDW,2026-07-03 13:00,220.00,10.00
EIDW,2026-07-03 14:00,230.00,8.00
EIDW,2026-07-03 15:00,250.00,7.00
EIDW,2026-07-03 16:00,270.00,12.00
EIDW,2026-07-03 17:00,270.00,12.00
EIDW,2026-07-03 18:00,250.00,11.00
EIDW,2026-07-03 19:00,250.00,11.00
EIDW,2026-07-03 20:00,260.00,10.00
EIDW,2026-07-03 21:00,270.00,12.00
EIDW,2026-07-03 22:00,250.00,9.00
EIDW,2026-07-03 23:00,250.00,10.00
EIDW,2026-07-04 00:00,250.00,8.00
EIDW,2026-07-04 01:00,250.00,9.00
EIDW,2026-07-04 02:00,250.00,6.00
EIDW,2026-07-04 03:00,260.00,8.00
EIDW,2026-07-04 04:00,260.00,9.00
EIDW,2026-07-04 05:00,250.00,9.00
EIDW,2026-07-04 06:00,260.00,10.00
EIDW,2026-07-04 07:00,250.00,9.00
EIDW,2026-07-04 08:00,260.00,10.00
EIDW,2026-07-04 09:00,260.00,11.00
EIDW,2026-07-04 10:00,260.00,12.00
EIDW,2026-07-04 11:00,250.00,11.00
EIDW,2026-07-04 12:00,270.00,13.00
EIDW,2026-07-04 13:00,260.00,10.00
EIDW,2026-07-04 14:00,270.00,15.00
EIDW,2026-07-04 15:00,270.00,14.00
EIDW,2026-07-04 16:00,260.00,13.00
EIDW,2026-07-04 17:00,270.00,15.00
EIDW,2026-07-04 18:00,280.00,13.00
EIDW,2026-07-04 19:00,270.00,13.00
EIDW,2026-07-04 20:00,270.00,13.00
EIDW,2026-07-04 21:00,260.00,10.00
EIDW,2026-07-04 22:00,250.00,8.00
EIDW,2026-07-04 23:00,260.00,9.00
EIDW,2026-07-05 00:00,260.00,10.00
EIDW,2026-07-05 01:00,270.00,11.00
EIDW,2026-07-05 02:00,270.00,10.00
EIDW,2026-07-05 03:00,270.00,11.00
EIDW,2026-07-05 04:00,260.00,7.00
EIDW,2026-07-05 05:00,260.00,9.00
EIDW,2026-07-05 06:00,260.00,9.00
EIDW,2026-07-05 07:00,260.00,8.00
EIDW,2026-07-05 08:00,250.00,8.00
EIDW,2026-07-05 09:00,260.00,8.00
EIDW,2026-07-05 10:00,250.00,7.00
EIDW,2026-07-05 11:00,230.00,9.00
EIDW,2026-07-05 12:00,250.00,8.00
EIDW,2026-07-05 13:00,250.00,9.00
EIDW,2026-07-05 14:00,270.00,12.00
EIDW,2026-07-05 15:00,270.00,13.00
EIDW,2026-07-05 16:00,280.00,14.00
EIDW,2026-07-05 17:00,270.00,15.00
EIDW,2026-07-05 18:00,260.00,9.00
EIDW,2026-07-05 19:00,260.00,8.00
EIDW,2026-07-05 20:00,270.00,8.00
EIDW,2026-07-05 21:00,260.00,7.00
EIDW,2026-07-05 22:00,260.00,8.00
EIDW,2026-07-05 23:00,260.00,7.00
EIDW,2026-07-06 00:00,260.00,10.00
EIDW,2026-07-06 01:00,260.00,8.00
EIDW,2026-07-06 02:00,260.00,10.00
EIDW,2026-07-06 03:00,260.00,9.00
EIDW,2026-07-06 04:00,260.00,11.00
EIDW,2026-07-06 05:00,270.00,9.00
EIDW,2026-07-06 06:00,250.00,7.00
EIDW,2026-07-06 07:00,260.00,10.00
EIDW,2026-07-06 08:00,260.00,9.00
EIDW,2026-07-06 09:00,260.00,9.00
EIDW,2026-07-06 10:00,250.00,9.00
EIDW,2026-07-06 11:00,260.00,8.00
EIDW,2026-07-06 12:00,250.00,8.00
EIDW,2026-07-06 13:00,260.00,9.00
EIDW,2026-07-06 14:00,260.00,11.00
EIDW,2026-07-06 15:00,280.00,13.00
EIDW,2026-07-06 16:00,280.00,13.00
EIDW,2026-07-06 17:00,290.00,16.00
EIDW,2026-07-06 18:00,280.00,16.00
EIDW,2026-07-06 19:00,290.00,11.00
EIDW,2026-07-06 20:00,280.00,12.00
EIDW,2026-07-06 21:00,280.00,13.00
EIDW,2026-07-06 22:00,300.00,14.00
EIDW,2026-07-06 23:00,280.00,18.00
EIDW,2026-07-07 00:00,270.00,15.00
EIDW,2026-07-07 01:00,280.00,11.00
EIDW,2026-07-07 02:00,270.00,8.00
EIDW,2026-07-07 03:00,260.00,8.00
EIDW,2026-07-07 04:00,260.00,10.00
EIDW,2026-07-07 05:00,250.00,7.00
EIDW,2026-07-07 06:00,260.00,9.00
EIDW,2026-07-07 07:00,260.00,11.00
EIDW,2026-07-07 08:00,270.00,12.00
EIDW,2026-07-07 09:00,260.00,11.00
EIDW,2026-07-07 10:00,270.00,10.00
EIDW,2026-07-07 11:00,280.00,12.00
EIDW,2026-07-07 12:00,270.00,10.00
EIDW,2026-07-07 13:00,280.00,10.00
EIDW,2026-07-07 14:00,290.00,10.00
EIDW,2026-07-07 15:00,290.00,8.00
EIDW,2026-07-07 16:00,260.00,8.00
EIDW,2026-07-07 17:00,290.00,12.00
EIDW,2026-07-07 18:00,270.00,9.00
EIDW,2026-07-07 19:00,310.00,10.00
EIDW,2026-07-07 20:00,290.00,10.00
EIDW,2026-07-07 21:00,290.00,7.00
EIDW,2026-07-07 22:00,280.00,7.00
EIDW,2026-07-07 23:00,280.00,9.00
EIDW,2026-07-08 00:00,270.00,5.00
EIDW,2026-07-08 01:00,260.00,4.00
EIDW,2026-07-08 02:00,270.00,7.00
EIDW,2026-07-08 03:00,250.00,3.00
EIDW,2026-07-08 04:00,290.00,5.00
EIDW,2026-07-08 05:00,270.00,5.00
EIDW,2026-07-08 06:00,270.00,5.00
EIDW,2026-07-08 07:00,290.00,4.00
EIDW,2026-07-08 08:00,M,2.00
EIDW,2026-07-08 09:00,M,3.00
EIDW,2026-07-08 10:00,M,3.00
EIDW,2026-07-08 11:00,130.00,6.00
EIDW,2026-07-08 12:00,150.00,6.00
EIDW,2026-07-08 13:00,140.00,8.00
EIDW,2026-07-08 14:00,140.00,7.00
EIDW,2026-07-08 15:00,M,5.00
EIDW,2026-07-08 16:00,120.00,9.00
EIDW,2026-07-08 17:00,140.00,8.00
EIDW,2026-07-08 18:00,150.00,5.00
EIDW,2026-07-08 19:00,150.00,3.00
EIDW,2026-07-08 20:00,80.00,4.00
EIDW,2026-07-08 21:00,M,2.00
EIDW,2026-07-08 22:00,290.00,9.00
EIDW,2026-07-08 23:00,270.00,10.00
EIDW,2026-07-09 00:00,270.00,7.00
EIDW,2026-07-09 01:00,270.00,12.00
EIDW,2026-07-09 02:00,270.00,8.00
EIDW,2026-07-09 03:00,260.00,8.00
EIDW,2026-07-09 04:00,270.00,9.00
EIDW,2026-07-09 05:00,280.00,8.00
EIDW,2026-07-09 06:00,290.00,11.00
EIDW,2026-07-09 07:00,300.00,9.00
EIDW,2026-07-09 08:00,280.00,9.00
EIDW,2026-07-09 09:00,290.00,9.00
EIDW,2026-07-09 10:00,300.00,8.00
EIDW,2026-07-09 11:00,300.00,7.00
EIDW,2026-07-09 12:00,320.00,6.00
EIDW,2026-07-09 13:00,M,3.00
EIDW,2026-07-09 14:00,110.00,5.00
EIDW,2026-07-09 15:00,100.00,7.00
EIDW,2026-07-09 16:00,110.00,6.00
EIDW,2026-07-09 17:00,100.00,6.00
EIDW,2026-07-09 18:00,110.00,6.00
EIDW,2026-07-09 19:00,110.00,5.00
EIDW,2026-07-09 20:00,100.00,5.00
EIDW,2026-07-09 21:00,100.00,3.00
EIDW,2026-07-09 22:00,M,1.00
EIDW,2026-07-09 23:00,70.00,4.00
EIDW,2026-07-10 00:00,100.00,5.00
EIDW,2026-07-10 01:00,90.00,4.00
EIDW,2026-07-10 02:00,30.00,4.00
EIDW,2026-07-10 03:00,80.00,5.00
EIDW,2026-07-10 04:00,100.00,4.00
EIDW,2026-07-10 05:00,10.00,4.00
EIDW,2026-07-10 06:00,30.00,5.00
EIDW,2026-07-10 07:00,30.00,5.00
EIDW,2026-07-10 08:00,40.00,10.00
EIDW,2026-07-10 09:00,30.00,10.00
EIDW,2026-07-10 10:00,60.00,11.00
EIDW,2026-07-10 11:00,60.00,11.00
EIDW,2026-07-10 12:00,70.00,11.00
EIDW,2026-07-10 13:00,60.00,11.00
EIDW,2026-07-10 14:00,70.00,9.00
EIDW,2026-07-10 15:00,80.00,9.00
EIDW,2026-07-10 16:00,90.00,7.00
EIDW,2026-07-10 17:00,80.00,8.00
EIDW,2026-07-10 18:00,80.00,7.00
EIDW,2026-07-10 19:00,80.00,6.00
EIDW,2026-07-10 20:00,50.00,6.00
EIDW,2026-07-10 21:00,30.00,6.00
EIDW,2026-07-10 22:00,360.00,7.00
EIDW,2026-07-10 23:00,340.00,6.00
EIDW,2026-07-11 00:00,340.00,4.00
EIDW,2026-07-11 01:00,320.00,3.00
EIDW,2026-07-11 02:00,310.00,6.00
EIDW,2026-07-11 03:00,300.00,5.00
EIDW,2026-07-11 04:00,300.00,6.00
EIDW,2026-07-11 05:00,310.00,6.00
EIDW,2026-07-11 06:00,310.00,5.00
EIDW,2026-07-11 07:00,320.00,7.00
EIDW,2026-07-11 08:00,360.00,5.00
EIDW,2026-07-11 09:00,M,7.00
EIDW,2026-07-11 10:00,30.00,9.00
EIDW,2026-07-11 11:00,40.00,9.00
EIDW,2026-07-11 12:00,40.00,10.00
EIDW,2026-07-11 13:00,30.00,11.00
EIDW,2026-07-11 14:00,40.00,11.00
EIDW,2026-07-11 15:00,50.00,10.00
EIDW,2026-07-11 16:00,40.00,11.00
EIDW,2026-07-11 17:00,30.00,11.00
EIDW,2026-07-11 18:00,40.00,9.00
EIDW,2026-07-11 19:00,40.00,9.00
EIDW,2026-07-11 20:00,20.00,8.00
EIDW,2026-07-11 21:00,30.00,10.00
EIDW,2026-07-11 22:00,30.00,11.00
EIDW,2026-07-11 23:00,30.00,13.00
EIDW,2026-07-12 00:00,40.00,11.00
EIDW,2026-07-12 01:00,40.00,10.00
EIDW,2026-07-12 02:00,50.00,10.00
EIDW,2026-07-12 03:00,60.00,11.00
EIDW,2026-07-12 04:00,70.00,8.00
EIDW,2026-07-12 05:00,70.00,6.00
EIDW,2026-07-12 06:00,60.00,10.00
EIDW,2026-07-12 07:00,70.00,12.00
EIDW,2026-07-12 08:00,70.00,17.00
EIDW,2026-07-12 09:00,80.00,16.00
EIDW,2026-07-12 10:00,80.00,17.00
EIDW,2026-07-12 11:00,80.00,17.00
EIDW,2026-07-12 12:00,80.00,15.00
EIDW,2026-07-12 13:00,80.00,15.00
EIDW,2026-07-12 14:00,70.00,14.00
EIDW,2026-07-12 15:00,80.00,14.00
EIDW,2026-07-12 16:00,70.00,13.00
EIDW,2026-07-12 17:00,70.00,14.00
EIDW,2026-07-12 18:00,60.00,15.00
EIDW,2026-07-12 19:00,60.00,15.00
EIDW,2026-07-12 20:00,60.00,12.00
EIDW,2026-07-12 21:00,60.00,12.00
EIDW,2026-07-12 22:00,70.00,12.00
EIDW,2026-07-12 23:00,80.00,13.00
EIDW,2026-07-13 00:00,90.00,15.00
EIDW,2026-07-13 01:00,90.00,14.00
EIDW,2026-07-13 02:00,80.00,9.00
EIDW,2026-07-13 03:00,80.00,10.00
EIDW,2026-07-13 04:00,70.00,11.00
EIDW,2026-07-13 05:00,70.00,11.00
EIDW,2026-07-13 06:00,70.00,10.00
EIDW,2026-07-13 07:00,80.00,12.00
EIDW,2026-07-13 08:00,80.00,14.00
EIDW,2026-07-13 09:00,70.00,16.00
EIDW,2026-07-13 10:00,70.00,15.00
EIDW,2026-07-13 11:00,50.00,16.00
EIDW,2026-07-13 12:00,60.00,15.00
EIDW,2026-07-13 13:00,60.00,14.00
EIDW,2026-07-13 14:00,60.00,15.00
EIDW,2026-07-13 15:00,70.00,13.00
EIDW,2026-07-13 16:00,50.00,13.00
EIDW,2026-07-13 17:00,40.00,14.00
EIDW,2026-07-13 18:30,40.00,13.00
EIDW,2026-07-13 19:00,60.00,11.00
EIDW,2026-07-13 20:00,40.00,11.00
EIDW,2026-07-13 21:00,40.00,9.00
EIDW,2026-07-13 22:00,60.00,12.00
EIDW,2026-07-13 23:00,60.00,11.00
